id,url,createdAtISO,createdAtLocal,lang,isRetweet,retweetedBy,likes,retweets,replies,quotes,views,bookmarks,media_count,media_urls,link_urls,quoted_id,quoted_author,quoted_text,text
2096243705145376913,https://x.com/justinsuntron/status/2096243705145376913,2026-09-05T14:27:00Z,2026-09-05 22:27,,False,,,,,,,,6,https://pbs.twimg.com/profile_images/1954484454942298112/gmiMeJRS_normal.jpg | https://pbs.twimg.com/profile_images/1970541264568520704/J6wYDxYk_normal.jpg | https://pbs.twimg.com/profile_images/1845157745273475087/_qFZMuTs_normal.jpg | https://pbs.twimg.com/media/HRdDlvUWwAEbJP0?format=webp&name=medium | https://pbs.twimg.com/profile_images/1995379445033541632/CowRyen7_normal.jpg | https://pbs.twimg.com/media/HRdSI7LXQAE-NTg?format=webp&name=medium,,,,,Every new integration brings TRON closer to more users around the world. 🌐
2096236909295218934,https://x.com/justinsuntron/status/2096236909295218934,2026-09-05T14:00:00Z,2026-09-05 22:00,,False,,,,,,,,8,https://pbs.twimg.com/profile_images/1954484454942298112/gmiMeJRS_normal.jpg | https://pbs.twimg.com/profile_images/1970541264568520704/J6wYDxYk_normal.jpg | https://pbs.twimg.com/profile_images/1946537446034071553/tNkWpnyE_normal.jpg | https://pbs.twimg.com/profile_images/2094237420753448960/dFtB7BZ6_normal.jpg | https://pbs.twimg.com/media/HRb2yXXakAE4n9K?format=webp&name=medium | https://pbs.twimg.com/profile_images/1890747862314532864/Rsyw2KPS_normal.jpg | https://pbs.twimg.com/profile_images/2007478670584393728/6OYWoo2s_normal.jpg | https://pbs.twimg.com/profile_images/2094872350294765568/66tR3jjR_normal.jpg,,,,,错过TRX的可以看看JST
2096235753303060678,https://x.com/justinsuntron/status/2096235753303060678,2026-09-05T13:55:24Z,2026-09-05 21:55,,False,,,,,,,,8,https://pbs.twimg.com/profile_images/1954484454942298112/gmiMeJRS_normal.jpg | https://pbs.twimg.com/profile_images/1970541264568520704/J6wYDxYk_normal.jpg | https://pbs.twimg.com/profile_images/1949369537759211521/ASI0F4_y_normal.jpg | https://pbs.twimg.com/media/HRcEzbBbcAA4PfU?format=webp&name=medium | https://pbs.twimg.com/profile_images/1689093831650934785/2Dj6i1zt_normal.jpg | https://pbs.twimg.com/profile_images/1928457996562042880/35IUev_G_normal.png | https://pbs.twimg.com/media/HRHqyQEa8AAtMhi.jpg | https://pbs.twimg.com/profile_images/2095401475887558657/KYVjY5H2_normal.jpg,,,,,USDD全网最强
2096214967901114485,https://x.com/justinsuntron/status/2096214967901114485,2026-09-05T12:32:48Z,2026-09-05 20:32,,False,,,,,,,,7,https://pbs.twimg.com/profile_images/1954484454942298112/gmiMeJRS_normal.jpg | https://pbs.twimg.com/profile_images/1970541264568520704/J6wYDxYk_normal.jpg | https://pbs.twimg.com/profile_images/2041830010609397764/CnbT6Aqu_normal.jpg | https://pbs.twimg.com/media/HRc7KLWbQAA0FuL?format=webp&name=medium | https://pbs.twimg.com/profile_images/2082480305982644224/bo0GbMfb_normal.jpg | https://pbs.twimg.com/profile_images/1928457996562042880/35IUev_G_normal.png | https://pbs.twimg.com/media/HRHqyQEa8AAtMhi.jpg,,,,,GPT 6 is on https://t.co/Id9VsXTy4C
2095978808444887372,https://x.com/justinsuntron/status/2095978808444887372,2026-09-04T20:54:23+00:00,2026-09-05 04:54,en,False,,51,4,35,0,68079,1,0,,,,,,Let's check it out!
2095978605918732795,https://x.com/justinsuntron/status/2095978605918732795,2026-09-04T20:53:35+00:00,2026-09-05 04:53,zh,False,,88,4,101,0,70220,4,0,,,,,,火币听劝，今天APP大幅度升级改版，建议大家都快速升级一波，还有问题的，随时向我吐槽，开炮！
2095864217379410049,https://x.com/justinsuntron/status/2095864217379410049,2026-09-04T13:19:03+00:00,2026-09-04 21:19,und,False,,70,10,39,0,109282,7,0,,,,,,22% of @OpenRouter
2095860823860379813,https://x.com/justinsuntron/status/2095860823860379813,2026-09-04T13:05:34+00:00,2026-09-04 21:05,zh,False,,138,17,112,1,108898,4,0,,,,,,一切才刚刚开始！USDD，全球最去中心化的稳定币！
2095857892155126193,https://x.com/justinsuntron/status/2095857892155126193,2026-09-04T12:53:55+00:00,2026-09-04 20:53,en,False,,75,10,38,1,102625,4,0,,,,,,GLM 5.3 is #1 on https://t.co/Id9VsXTy4C. Congrats @Zai_org
2095742569699483971,https://x.com/justinsuntron/status/2095742569699483971,2026-09-04T05:15:40+00:00,2026-09-04 13:15,en,False,,86,13,46,4,129281,4,0,,,,,,Gemini 3.8 Flash Is Now Live on https://t.co/Id9VsXTy4C API
2095713598383534571,https://x.com/justinsuntron/status/2095713598383534571,2026-09-04T03:20:32+00:00,2026-09-04 11:20,en,False,,200,26,61,1,131863,5,0,,,,,,Another strong quarter for TRON. 🔻
2095611047558451284,https://x.com/justinsuntron/status/2095611047558451284,2026-09-03T20:33:02+00:00,2026-09-04 04:33,qst,False,,93,17,52,0,143791,3,0,,,,,,10 T
2095610980948734126,https://x.com/justinsuntron/status/2095610980948734126,2026-09-03T20:32:47+00:00,2026-09-04 04:32,en,False,,130,29,37,3,155706,5,0,,,,,,Coming soon
2095527474763640943,https://x.com/justinsuntron/status/2095527474763640943,2026-09-03T15:00:57+00:00,2026-09-03 23:00,qst,False,,75,10,56,2,156630,3,0,,,,,,10 T
2095468351195881630,https://x.com/justinsuntron/status/2095468351195881630,2026-09-03T11:06:01+00:00,2026-09-03 19:06,zh,False,,12398,809,4534,577,2666271,2007,0,,,,,,"《再致胡锡进老师——什么才是体面》

胡锡进老师：

上次给您写信，是向您请教彩礼的规矩。这次想请教一件更大的事。

您的三篇文章，我都读了许多遍。您批评我不体面。这些天我反复想的，不是怎么回答您，而是慢慢发现：我真正不清楚的，是您说的体面和我说的体面，是不是同一个东西。"
2095425461463757019,https://x.com/justinsuntron/status/2095425461463757019,2026-09-03T08:15:35+00:00,2026-09-03 16:15,en,False,,228,29,85,24,226284,4,0,,,,,,More than $94B in USDT is now on TRON.
2095348491199619457,https://x.com/justinsuntron/status/2095348491199619457,2026-09-03T03:09:44+00:00,2026-09-03 11:09,en,False,,193,20,79,9,228611,6,0,,,,,,"Building for the future starts with preparing early.

TRON will be ready for what's to come!"
2095343034946990330,https://x.com/justinsuntron/status/2095343034946990330,2026-09-03T02:48:03+00:00,2026-09-03 10:48,en,False,,159,18,44,2,235534,1,0,,,,,,Keep going
2095104887394881662,https://x.com/justinsuntron/status/2095104887394881662,2026-09-02T11:01:44+00:00,2026-09-02 19:01,en,False,,82,15,53,2,312619,2,0,,,,,,Hy4 Preview Listing on https://t.co/Id9VsXTy4C
2095104743702163793,https://x.com/justinsuntron/status/2095104743702163793,2026-09-02T11:01:10+00:00,2026-09-02 19:01,en,False,,60,8,26,1,285105,3,0,,,,,,https://t.co/Id9VsXTy4C API Now Supports DeepSeek Models via Codex
2095077238802928114,https://x.com/justinsuntron/status/2095077238802928114,2026-09-02T09:11:53+00:00,2026-09-02 17:11,zh,False,,145,9,109,6,337045,6,0,,,,,,火币P网，全网最听劝交易所
2095050243230535690,https://x.com/justinsuntron/status/2095050243230535690,2026-09-02T07:24:36+00:00,2026-09-02 15:24,en,False,,393,51,123,15,259762,26,0,,,,,,"Bitcoin used to set the rhythm for the entire crypto market.

Today, the landscape is much more diverse, with stablecoins playing a bigger role and crypto becoming more connected with traditional financial markets. https://t.co/fibBoCXYVY"
2094930765947744617,https://x.com/justinsuntron/status/2094930765947744617,2026-09-01T23:29:51+00:00,2026-09-02 07:29,zh,False,,866,14,524,47,205062,42,0,,,,,,鉴于全网对我身高的争议已持续多日，本人现公开招标一家权威计量机构对本人身高进行测量。要求：精度毫米级，结果可溯源至国际标准，全程直播。各类权威人士与机构等均可报名。
2094891890110091632,https://x.com/justinsuntron/status/2094891890110091632,2026-09-01T20:55:22+00:00,2026-09-02 04:55,en,False,,153,12,68,7,78955,9,1,https://pbs.twimg.com/amplify_video_thumb/2094890268172734464/img/EtPSbLsTQVX70EYm.jpg,,,,,"Going to space was a dream I carried since childhood.  🚀

In @blueorigin Vlog: Episode 2, I’m taking you through the final countdown, launch, and the moment that dream became real.

Watch Episode 2 👇 https://t.co/X1H2l0OJCj"
2094825622258565338,https://x.com/justinsuntron/status/2094825622258565338,2026-09-01T16:32:02+00:00,2026-09-02 00:32,zh,False,,97,8,96,1,152814,14,0,,,,,,https://t.co/Id9VsXTy4C 花了四个月走过了 @OpenRouter 两年九个月的发展
2094778201994358989,https://x.com/justinsuntron/status/2094778201994358989,2026-09-01T13:23:37+00:00,2026-09-01 21:23,en,True,,0,3,0,0,21679,0,0,,,,,,"RT @Kelechiweb: 𝗕.𝗔𝗜 𝗩𝗦 𝗢𝗣𝗘𝗡𝗥𝗢𝗨𝗧𝗘𝗥: 𝗧𝗛𝗘 𝗦𝗔𝗠𝗘 𝗦𝗖𝗔𝗟𝗘, 𝗧𝗪𝗢 𝗦𝗣𝗘𝗘𝗗𝗦

OpenRouter has become one of the most recognized AI routing platforms in t…"
2094778021739905258,https://x.com/justinsuntron/status/2094778021739905258,2026-09-01T13:22:54+00:00,2026-09-01 21:22,en,False,,92,13,83,2,146012,10,0,,,,,,AI becomes more useful when it becomes part of everyday life. @BAI_AGI has become a big part of mine.
2094698654091133062,https://x.com/justinsuntron/status/2094698654091133062,2026-09-01T08:07:31+00:00,2026-09-01 16:07,zh,False,,3953,245,2023,320,520081,487,0,,,,,,"《致胡锡进老师》

胡锡进老师：

您第二篇文章的最后一句是，做人还是要老实、厚道一些。我想老实地向您请教一件事。

我是一九九零年生人，今年三十六岁，到了婚育的年纪。您是长辈，比我大整三十岁，我读北大的时候就读您的文章，所以这件事我想问您，不想问别人。"
2094694320129634640,https://x.com/justinsuntron/status/2094694320129634640,2026-09-01T07:50:18+00:00,2026-09-01 15:50,zh,False,,492,20,180,13,136441,37,0,,,,,,"彭博和福布斯算我的身家时，会给加密资产打两折、三折。我理解他们的逻辑：集中、波动大、按他们的标准算不上""确定""。这是他们的方法论，与我无关。"
2094693174744854735,https://x.com/justinsuntron/status/2094693174744854735,2026-09-01T07:45:45+00:00,2026-09-01 15:45,zh,False,,416,23,123,11,98214,42,0,,,,,,创业十四年，我个人的绝大多数资产一直是加密资产。这不是疏忽，是选择。我做这个行业，就是因为我相信它是人类金融资产里最有希望的那一类——这个判断可能对也可能错，时间会给答案。
2094690306155581732,https://x.com/justinsuntron/status/2094690306155581732,2026-09-01T07:34:21+00:00,2026-09-01 15:34,zh,False,,124,7,70,1,78998,9,0,,,,,,去中心化金融的本质，是一个金融系统不依赖任何人、任何机构，只依赖数学和密码学自主运转。比特币从第一天起就是这样设计的。我们今天做的一切，公开的账本、可验证的储备、随时的兑付，都是朝这个方向走的台阶。这是我的终极目标，也是我的初心。
2094689041551880253,https://x.com/justinsuntron/status/2094689041551880253,2026-09-01T07:29:19+00:00,2026-09-01 15:29,zh,False,,815,28,363,34,287959,82,0,,,,,,"最近有人关心我有多少钱？

我个人有多少钱，从来不是这个行业该关心的问题，我也不打算拿它来回应任何人。

加密行业跟传统金融最根本的区别，就是它不需要你相信某一个人——账本是开着的，谁都可以查。

所以我只说可以查的东西，数字截至今天："
2094657903039045741,https://x.com/justinsuntron/status/2094657903039045741,2026-09-01T05:25:35+00:00,2026-09-01 13:25,en,False,,109,11,60,3,82321,0,0,,,,,,401 million accounts on TRON.
2094546852486299751,https://x.com/justinsuntron/status/2094546852486299751,2026-08-31T22:04:19+00:00,2026-09-01 06:04,en,False,,46,4,32,0,40693,2,0,,,,,,"Important conversations are shaping the future of digital assets in the U.S.

Great insights from @AdrianWall8395."
2094452494311338339,https://x.com/justinsuntron/status/2094452494311338339,2026-08-31T15:49:22+00:00,2026-08-31 23:49,en,False,,77,6,55,0,83254,1,0,,,,,,5 months 1T
2094447430016376937,https://x.com/justinsuntron/status/2094447430016376937,2026-08-31T15:29:14+00:00,2026-08-31 23:29,und,False,,63,3,42,0,85021,2,0,,,,,,1T https://t.co/Id9VsXTy4C
2094407480290000958,https://x.com/justinsuntron/status/2094407480290000958,2026-08-31T12:50:30+00:00,2026-08-31 20:50,zh,False,,80,11,108,5,129167,50,0,,,,,,https://t.co/Id9VsXTy4C 免费模型一览
2094405439454883968,https://x.com/justinsuntron/status/2094405439454883968,2026-08-31T12:42:23+00:00,2026-08-31 20:42,zh,False,,65,4,67,1,112646,2,0,,,,,,https://t.co/Id9VsXTy4C 单日Token吞吐量正式突破1万亿，下一个目标是5万亿！
2094380998352121987,https://x.com/justinsuntron/status/2094380998352121987,2026-08-31T11:05:16+00:00,2026-08-31 19:05,zh,False,,191,11,129,8,134094,44,0,,,,,,其实现在网络在99%的谣言，去https://t.co/Id9VsXTy4C 免费调用一个国产大模型，就能告诉你真假了。
2094378834317721975,https://x.com/justinsuntron/status/2094378834317721975,2026-08-31T10:56:40+00:00,2026-08-31 18:56,en,False,,182,32,35,4,129402,6,0,,,,,,See how BitTorrent Speed works
2094374052223922257,https://x.com/justinsuntron/status/2094374052223922257,2026-08-31T10:37:40+00:00,2026-08-31 18:37,zh,False,,481,9,337,21,267918,34,0,,,,,,近日火币遭遇DDoS攻击，用户资产未受任何影响，服务已恢复正常。火币已完成完整证据固定，并已向相关司法辖区的执法机关报案，将依法追究攻击者刑事责任。任何针对火币的攻击行为，火币均将追诉到底。
2094369251138408486,https://x.com/justinsuntron/status/2094369251138408486,2026-08-31T10:18:35+00:00,2026-08-31 18:18,zh,False,,1598,83,1443,98,704607,177,0,,,,,,"这段时间，关于我和我们团队的各种说法很多。我不打算逐条回应。

我想说的是另一件事：

我对我们从事的事业抱有绝对的信心。这种信心不来自我本人，而来自数学、密码学和人工智能本身已经取得的突破。这些突破一旦发生就不可逆转，不以任何人、任何机构的意志为转移。"
2094365413576745003,https://x.com/justinsuntron/status/2094365413576745003,2026-08-31T10:03:20+00:00,2026-08-31 18:03,zh,False,,1137,53,559,98,1081720,155,0,,,,,,"手里这串字，是波场链上一个区块的哈希。每三秒出一个，全世界都能查，没人能提前算出来，也没人能事后改，包括我。

写下来举着，等于给这张照片盖了一个链上时间戳：这个区块出来之后，我站在这里，背后是维港和IFC。"
2094364420541665673,https://x.com/justinsuntron/status/2094364420541665673,2026-08-31T09:59:23+00:00,2026-08-31 17:59,en,False,,418,38,94,18,225955,18,0,,,,,,Don't miss Bitcoin
2094353178670366801,https://x.com/justinsuntron/status/2094353178670366801,2026-08-31T09:14:43+00:00,2026-08-31 17:14,zh,False,,1092,85,553,151,1575573,71,1,https://pbs.twimg.com/media/HRCi_vfaYAA_v79.jpg,,,,,"IFC记着资本的高度，
TRON哈希记着时间的高度。
一个刻在维港，一个刻在链上。 https://t.co/Mj3L3GNprD"
2094351674492297472,https://x.com/justinsuntron/status/2094351674492297472,2026-08-31T09:08:45+00:00,2026-08-31 17:08,zh,False,,298,13,375,22,177614,10,0,,,,,,火币HTX平衡，新用户反而来了不少，希望我们能用自己的真诚与服务打动他们。
2094298682430718423,https://x.com/justinsuntron/status/2094298682430718423,2026-08-31T05:38:10+00:00,2026-08-31 13:38,en,False,,122,23,83,6,147853,0,0,,,,,,"Happy 8 years to TVM.

Keep building for the future.🔻"
2094275503842877624,https://x.com/justinsuntron/status/2094275503842877624,2026-08-31T04:06:04+00:00,2026-08-31 12:06,en,True,,0,38,0,0,19014,0,0,,,,,,"RT @trondao: TRON’s stablecoin supply reached $89.2B in Q2 2026, bringing the network to 28.7% of the global stablecoin market.

Weekly inf…"
2094157842777506272,https://x.com/justinsuntron/status/2094157842777506272,2026-08-30T20:18:31+00:00,2026-08-31 04:18,zh,False,,47,3,75,1,61801,3,0,,,,,,https://t.co/Id9VsXTy4C 累计总吞吐量已经突破5.7万亿！
2094062606139171276,https://x.com/justinsuntron/status/2094062606139171276,2026-08-30T14:00:05+00:00,2026-08-30 22:00,zh,False,,161,10,242,2,210616,8,0,,,,,,单日万亿咫尺之遥
2093946740072419467,https://x.com/justinsuntron/status/2093946740072419467,2026-08-30T06:19:41+00:00,2026-08-30 14:19,en,False,,258,19,222,5,316777,10,0,,,,,,Keep going
2093944997611720747,https://x.com/justinsuntron/status/2093944997611720747,2026-08-30T06:12:45+00:00,2026-08-30 14:12,en,False,,180,28,102,11,180938,5,0,,,,,,TRON in Brazil. 🇧🇷
2093618959161638971,https://x.com/justinsuntron/status/2093618959161638971,2026-08-29T08:37:12+00:00,2026-08-29 16:37,sv,False,,309,25,299,8,388017,13,0,,,,,,TRON in HK! 🇭🇰
2093513427255975993,https://x.com/justinsuntron/status/2093513427255975993,2026-08-29T01:37:51+00:00,2026-08-29 09:37,en,True,,0,4,0,0,21210,0,0,,,,,,"RT @CanaryFunds: 🐤 $TRXS

Get launch updates by signing up here: https://t.co/lRBk5DJqNF

SEC Filing: https://t.co/SBTD3NeCVZ https://t.co/…"
2093501732399849904,https://x.com/justinsuntron/status/2093501732399849904,2026-08-29T00:51:23+00:00,2026-08-29 08:51,zh,False,,74,3,99,7,20679,5,0,,,,,,"十九年，从一张模糊的照片，到一盏熄灭的灯。这篇东西是写给我自己的，也写给二零零七年那些和我一样，还在宿舍里住的人。

有些事不写出来，它就一直在。写出来，也许就不在了。"
2093481562490941793,https://x.com/justinsuntron/status/2093481562490941793,2026-08-28T23:31:14+00:00,2026-08-29 07:31,zh,False,,324,9,233,8,52842,11,0,,,,,,@cz_binance 谢谢CZ，说得对。互相尊重，妥善解决，剩下的交给法院。我不再多说了。🙏🙏🙏
2093222851591770330,https://x.com/justinsuntron/status/2093222851591770330,2026-08-28T06:23:12+00:00,2026-08-28 14:23,en,False,,554,32,411,29,461909,35,1,https://pbs.twimg.com/media/HQyesb_bYAAlez-.jpg,,,,,"I first learned about Bitcoin around 2012.

Back then, it was a social experiment. Today, Bitcoin is becoming a global macro asset and stablecoins are becoming global financial infrastructure.

That journey is a big part of why I built TRON. 🔻 https://t.co/NZWXGwInp0"
2093122305400729897,https://x.com/justinsuntron/status/2093122305400729897,2026-08-27T23:43:40+00:00,2026-08-28 07:43,en,False,,18,0,18,0,7611,0,0,,,,,,"@TheBonnieChang @Bitcoinconfasia @trondao Great crowd, great conversation. Thanks @TheBonnieChang"
2093043346218405912,https://x.com/justinsuntron/status/2093043346218405912,2026-08-27T18:29:55+00:00,2026-08-28 02:29,en,False,,376,18,132,5,386335,18,0,,,,,,"Great energy, great conversations at Bitcoin Asia.  🐋

Thank you to everyone who came out!"
2092939209653076413,https://x.com/justinsuntron/status/2092939209653076413,2026-08-27T11:36:07+00:00,2026-08-27 19:36,en,False,,431,46,188,19,762764,20,1,https://pbs.twimg.com/media/HQuafQubYAA2PX7.jpg,,,,,"Bitcoin is becoming a global macro asset. Stablecoins are becoming part of everyday global finance.

TRON is helping build the infrastructure for digital dollars to move globally.

Great discussion at @Bitcoinconfasia. 🇭🇰 https://t.co/Fk5y01R2Ye"
2092932777612390850,https://x.com/justinsuntron/status/2092932777612390850,2026-08-27T11:10:33+00:00,2026-08-27 19:10,zxx,False,,36624,4314,7133,4233,19609891,14716,0,,,,,,https://t.co/nLMTwWr67Z
2092850958284030296,https://x.com/justinsuntron/status/2092850958284030296,2026-08-27T05:45:26+00:00,2026-08-27 13:45,en,False,,132,17,40,15,443702,5,0,,,,,,"Tune in to the livestream at 3:30 PM HKT for my fireside chat on “The Globalization of Bitcoin Capital” at @Bitcoinconfasia.

See you soon!"
2092682614490710206,https://x.com/justinsuntron/status/2092682614490710206,2026-08-26T18:36:30+00:00,2026-08-27 02:36,en,True,,0,20,0,0,17882,0,0,,,,,,"RT @mert: Tron's moat amongst people not in crypto or in america must be studied

the craziest shit I've ever seen

no matter who I pay --…"
2092677434156151122,https://x.com/justinsuntron/status/2092677434156151122,2026-08-26T18:15:55+00:00,2026-08-27 02:15,en,False,,92,8,34,0,51958,1,0,,,,,,See you soon
2092642792417976386,https://x.com/justinsuntron/status/2092642792417976386,2026-08-26T15:58:15+00:00,2026-08-26 23:58,en,False,,52,8,29,2,47672,1,0,,,,,,Follow USDD here @USDDecentralize
2092641424286314791,https://x.com/justinsuntron/status/2092641424286314791,2026-08-26T15:52:49+00:00,2026-08-26 23:52,en,False,,52,11,37,1,57654,4,0,,,,,,Please try https://t.co/Id9VsXTy4C
2092529986184077545,https://x.com/justinsuntron/status/2092529986184077545,2026-08-26T08:30:00+00:00,2026-08-26 16:30,en,False,,226,26,72,8,96168,4,0,,,,,,From zero to 400M users in just over 8 years. Incredible to see how quickly the TRON ecosystem has grown.
2092479595081843042,https://x.com/justinsuntron/status/2092479595081843042,2026-08-26T05:09:46+00:00,2026-08-26 13:09,zh,False,,60,10,71,2,107175,4,0,,,,,,Codex已经支持了
2092468516607893887,https://x.com/justinsuntron/status/2092468516607893887,2026-08-26T04:25:45+00:00,2026-08-26 12:25,en,True,,0,8,0,0,20221,0,0,,,,,,"RT @CertiKCommunity: TRON crossed 400M total accounts on Aug 22.

The network now shows 400.4M accounts, giving @trondao a new distributio…"
2092468480868237499,https://x.com/justinsuntron/status/2092468480868237499,2026-08-26T04:25:36+00:00,2026-08-26 12:25,zh,True,,0,5,0,0,17278,0,0,,,,,,"RT @BAI_AGI: https://t.co/Yl2KG97Eb1 🤝 @tencentcloud

欢迎大家来 https://t.co/Yl2KG97Eb1 免费体验腾讯 Hy3 的强大能力！

🔗 https://t.co/rnavfEMvL4"
2092467063021576354,https://x.com/justinsuntron/status/2092467063021576354,2026-08-26T04:19:58+00:00,2026-08-26 12:19,en,False,,114,17,24,3,118686,3,0,,,,,,keep going
2092430497293148322,https://x.com/justinsuntron/status/2092430497293148322,2026-08-26T01:54:40+00:00,2026-08-26 09:54,en,False,,279,28,42,7,120411,8,0,,,,,,Another $1.1B in USDT on TRON.
2092288609693151590,https://x.com/justinsuntron/status/2092288609693151590,2026-08-25T16:30:52+00:00,2026-08-26 00:30,zh,False,,142,22,72,3,62699,5,0,,,,,,BitTorrent非常活跃
2092280288617664516,https://x.com/justinsuntron/status/2092280288617664516,2026-08-25T15:57:48+00:00,2026-08-25 23:57,ja,False,,40,3,41,2,49572,3,0,,,,,,谁主沉浮
2092236232835416564,https://x.com/justinsuntron/status/2092236232835416564,2026-08-25T13:02:44+00:00,2026-08-25 21:02,en,True,,0,41,0,0,18455,0,0,,,,,,"RT @trondao: 400 million accounts on #TRON.

Another major milestone for a network built for global scale. 🔻"
2092228746799714357,https://x.com/justinsuntron/status/2092228746799714357,2026-08-25T12:32:59+00:00,2026-08-25 20:32,en,False,,146,21,55,2,88182,2,0,,,,,,Keep going
2092223471657083253,https://x.com/justinsuntron/status/2092223471657083253,2026-08-25T12:12:01+00:00,2026-08-25 20:12,zh,False,,58,7,64,2,82682,7,0,,,,,,我们观察并无任何客户受到新增影响，老客户受影响请随时来找火币客服
2092218237224464629,https://x.com/justinsuntron/status/2092218237224464629,2026-08-25T11:51:13+00:00,2026-08-25 19:51,zh,False,,81,10,45,1,95604,5,0,,,,,,小米全量上线
2092161624534897090,https://x.com/justinsuntron/status/2092161624534897090,2026-08-25T08:06:16+00:00,2026-08-25 16:06,en,False,,204,24,88,11,95418,5,0,,,,,,400M accounts on TRON. Just keep building. 💪
2092142452010528786,https://x.com/justinsuntron/status/2092142452010528786,2026-08-25T06:50:05+00:00,2026-08-25 14:50,zh,False,,142,8,97,10,137180,24,0,,,,,,https://t.co/Id9VsXTy4C 与腾讯达成合作！
2092011584717815927,https://x.com/justinsuntron/status/2092011584717815927,2026-08-24T22:10:04+00:00,2026-08-25 06:10,en,True,,0,13,0,0,12560,0,0,,,,,,"RT @trondao: USDT on TRON added $1.1B over the past 30 days, leading all networks tracked by @TokenTerminal over the same period.

Stableco…"
2091940375875432645,https://x.com/justinsuntron/status/2091940375875432645,2026-08-24T17:27:06+00:00,2026-08-25 01:27,en,True,,0,8,0,0,19002,0,0,,,,,,RT @CanaryFunds: 🐤 $TRXS  Get launch updates by contacting us here: https://t.co/lRBk5DJqNF…
2091905019822186593,https://x.com/justinsuntron/status/2091905019822186593,2026-08-24T15:06:37+00:00,2026-08-24 23:06,zh,False,,45,6,42,2,51509,1,0,,,,,,快来试试吧 https://t.co/nMjQcILxG5
2091887020822208843,https://x.com/justinsuntron/status/2091887020822208843,2026-08-24T13:55:05+00:00,2026-08-24 21:55,zh,False,,49,5,47,3,61165,1,0,,,,,,爆发式增长
2091886940702507028,https://x.com/justinsuntron/status/2091886940702507028,2026-08-24T13:54:46+00:00,2026-08-24 21:54,zh,False,,51,8,41,1,67670,0,0,,,,,,充提数据一切正常，甚至还更高了
2091854067631042810,https://x.com/justinsuntron/status/2091854067631042810,2026-08-24T11:44:09+00:00,2026-08-24 19:44,en,False,,99,8,43,2,84698,4,0,,,,,,Built to scale.
2091832780942606787,https://x.com/justinsuntron/status/2091832780942606787,2026-08-24T10:19:34+00:00,2026-08-24 18:19,zh,False,,74,9,58,5,89934,15,0,,,,,,Xiaomi全量免费了
2091817148071211059,https://x.com/justinsuntron/status/2091817148071211059,2026-08-24T09:17:26+00:00,2026-08-24 17:17,zh,False,,96,11,65,5,79425,2,0,,,,,,第二季继续续期
2091816863949046133,https://x.com/justinsuntron/status/2091816863949046133,2026-08-24T09:16:19+00:00,2026-08-24 17:16,en,False,,54,5,25,4,79384,0,0,,,,,,WBTC on USDD
2091769106429305139,https://x.com/justinsuntron/status/2091769106429305139,2026-08-24T06:06:32+00:00,2026-08-24 14:06,en,True,,0,12,0,0,20296,0,0,,,,,,"RT @WuBlockchain: Tether CEO Says USDT Use Is Rising Across Several Developing Countries

Tether CEO Paolo Ardoino said on Aug. 23 that USD…"
2091767278606119241,https://x.com/justinsuntron/status/2091767278606119241,2026-08-24T05:59:17+00:00,2026-08-24 13:59,zh,True,,0,2,0,0,20617,0,0,,,,,,RT @wublockchain12: 据 Cryptoslate，巴基斯坦虚拟资产监管局（PVARA）已启动加密平台许可申请，要求《虚拟资产法》于 3 月 5 日生效前已在当地运营的交易所、托管机构及其他服务商在 9 月 5 日前提交无异议证明（NOC）申请，否则必须停止相关…
2091763166728659154,https://x.com/justinsuntron/status/2091763166728659154,2026-08-24T05:42:56+00:00,2026-08-24 13:42,qst,False,,181,25,95,8,92149,3,0,,,,,,400M
2091761295490179536,https://x.com/justinsuntron/status/2091761295490179536,2026-08-24T05:35:30+00:00,2026-08-24 13:35,zh,False,,181,19,89,5,108927,14,0,,,,,,上市公司今年会大幅发力！
2091745573531767007,https://x.com/justinsuntron/status/2091745573531767007,2026-08-24T04:33:02+00:00,2026-08-24 12:33,en,False,,169,21,79,28,105531,1,0,,,,,,400M strong. Still building sTRONger.
2091719488458932640,https://x.com/justinsuntron/status/2091719488458932640,2026-08-24T02:49:22+00:00,2026-08-24 10:49,en,False,,123,7,67,0,119170,0,0,,,,,,Keep going
2091622144170135816,https://x.com/justinsuntron/status/2091622144170135816,2026-08-23T20:22:34+00:00,2026-08-24 04:22,en,False,,127,12,375,5,46117,2,0,,,,,,Keep going
2091497464851513719,https://x.com/justinsuntron/status/2091497464851513719,2026-08-23T12:07:08+00:00,2026-08-23 20:07,zh,False,,78,7,86,5,74326,7,1,https://pbs.twimg.com/media/HQZ92qlaYAAiW7z.jpg,,,,,万亿俱乐部。我们来了！@yzilabs @BAI_AGI https://t.co/DbvLgJr99x
2091496288265359372,https://x.com/justinsuntron/status/2091496288265359372,2026-08-23T12:02:27+00:00,2026-08-23 20:02,zh,False,,200,18,105,5,95960,3,0,,,,,,我们四亿用户啦 👏👏👏
2091495599019630616,https://x.com/justinsuntron/status/2091495599019630616,2026-08-23T11:59:43+00:00,2026-08-23 19:59,en,False,,112,11,34,4,97105,3,0,,,,,,Keep going
2091150793382719977,https://x.com/justinsuntron/status/2091150793382719977,2026-08-22T13:09:35+00:00,2026-08-22 21:09,zh,False,,84,7,81,2,87823,1,0,,,,,,火币在行动
2091146454530396508,https://x.com/justinsuntron/status/2091146454530396508,2026-08-22T12:52:21+00:00,2026-08-22 20:52,zh,False,,41,4,51,1,74735,7,0,,,,,,"DeepSeek, 腾讯，小米，三弹齐发，先让 https://t.co/nMjQcILxG5 进入单日万亿俱乐部！"
2091145025556287644,https://x.com/justinsuntron/status/2091145025556287644,2026-08-22T12:46:40+00:00,2026-08-22 20:46,en,False,,355,44,128,44,102499,28,0,,,,,,"Many people see my case against World Liberty @worldlibertyfi as a business dispute.

On the surface, it is — $45 million, 4 billion tokens, a contract.

But months into this fight, its true nature has become clear to me: this is a fight over the founding principle of"
2091144373065113911,https://x.com/justinsuntron/status/2091144373065113911,2026-08-22T12:44:04+00:00,2026-08-22 20:44,zh,False,,847,84,386,46,179710,79,0,,,,,,"关于我与World Liberty @worldlibertyfi 的官司,很多人以为它是一场商业纠纷。表面上确实是——4500万美元、40亿枚代币、一纸合同。

但打了这几个月,我越来越清楚它真正的性质:这是一场关于区块链初心的价值观之争。"
2091142794782134577,https://x.com/justinsuntron/status/2091142794782134577,2026-08-22T12:37:48+00:00,2026-08-22 20:37,en,True,,0,11,0,0,20686,0,0,,,,,,RT @alifarhat79: Justin Sun gives an update in his case against World Liberty Financial
2091142146162389258,https://x.com/justinsuntron/status/2091142146162389258,2026-08-22T12:35:13+00:00,2026-08-22 20:35,zh,False,,108,9,53,4,87064,13,0,,,,,,USDD，全世界最为可信，公正，去中心化的数学货币，运行在全球最可靠的稳定币结算网络，波场与以太坊之上。USDD的发展成功，将是确定的，因为这是一场价值观的成功。
2091141514307236346,https://x.com/justinsuntron/status/2091141514307236346,2026-08-22T12:32:43+00:00,2026-08-22 20:32,zh,False,,44,7,26,1,70428,6,0,,,,,,继续加码！
2091124119144386950,https://x.com/justinsuntron/status/2091124119144386950,2026-08-22T11:23:35+00:00,2026-08-22 19:23,en,False,,144,23,53,3,67787,1,0,,,,,,coming soon!
2091072216708620577,https://x.com/justinsuntron/status/2091072216708620577,2026-08-22T07:57:21+00:00,2026-08-22 15:57,en,False,,26,2,17,1,15170,0,0,,,,,,"Transparency and due process matter.

I welcome the opportunity to have my individual claims heard in open court and look forward to presenting the facts through the legal process.

#WhatAreTheyHiding"
2090991978741903684,https://x.com/justinsuntron/status/2090991978741903684,2026-08-22T02:38:31+00:00,2026-08-22 10:38,en,True,,0,14,0,0,8388,0,0,,,,,,RT @WhaleInsider: NEW: Justin Sun says a California court ruled his individual claims against World Liberty Financial will stay in open cou…
2090951359285920138,https://x.com/justinsuntron/status/2090951359285920138,2026-08-21T23:57:06+00:00,2026-08-22 07:57,en,False,,56,7,34,1,17917,1,1,https://pbs.twimg.com/media/HQSNGruagAA6OZa.jpg,,,,,"Looking forward to continuing to make our case in open court. #WhatAreTheyHiding

Read more on @YahooFinance 👇
https://t.co/h7JElXRkf9 https://t.co/s77hz47RJf"
2090862698393383317,https://x.com/justinsuntron/status/2090862698393383317,2026-08-21T18:04:48+00:00,2026-08-22 02:04,en,False,,96,8,54,4,62965,2,0,,,,,,when 100B?
2090861524768424031,https://x.com/justinsuntron/status/2090861524768424031,2026-08-21T18:00:08+00:00,2026-08-22 02:00,art,False,,83,16,24,1,40788,2,0,,,,,,👀
2090860951365091445,https://x.com/justinsuntron/status/2090860951365091445,2026-08-21T17:57:51+00:00,2026-08-22 01:57,en,False,,89,6,37,2,62842,0,0,,,,,,keep going
2090777016216031391,https://x.com/justinsuntron/status/2090777016216031391,2026-08-21T12:24:20+00:00,2026-08-21 20:24,zh,False,,103,9,238,11,81737,8,0,,,,,,无需左顾右盼，孙哥BAI白用AI，这个广告词怎么样，征集一个 https://t.co/nMjQcILxG5 广告词！
2090764846044528818,https://x.com/justinsuntron/status/2090764846044528818,2026-08-21T11:35:58+00:00,2026-08-21 19:35,en,False,,346,68,103,32,103747,62,0,,,,,,"Independent researchers have published a technical analysis of the USD1 smart contract.

#USD1 solana:USD1ttGY1N17NEEHLmELoaybftRBUSErhqYiQzvEmuB @worldlibertyfi #WLFI

Everyone holding or considering USD1 should read it carefully.

To put it in the bluntest terms, per their"
2090763281845948693,https://x.com/justinsuntron/status/2090763281845948693,2026-08-21T11:29:45+00:00,2026-08-21 19:29,zh,False,,43,1,41,0,75418,5,0,,,,,,小米 MiMo 系列模型现已登陆 https://t.co/nMjQcILxG5 API！先看看小米的表现，如果好的话，也可以全免费
2090761433105788933,https://x.com/justinsuntron/status/2090761433105788933,2026-08-21T11:22:24+00:00,2026-08-21 19:22,zh,False,,188,16,65,5,102216,67,0,,,,,,"倪大非常客观，内容中有不少干货！

“说句最难听的，就是 USD1 的最高权限是可以在不经过用户许可的前提下，把账户中的 USD1 转移到自己或者其它人的钱包中，你是冷钱包还是多签钱包都没有办法阻止。”

这就是USD1 最恐怖的地方，而且所有这些权限的实施都未经WLFI持有人的批准，是自行添加的后门。"
2090758427861782996,https://x.com/justinsuntron/status/2090758427861782996,2026-08-21T11:10:28+00:00,2026-08-21 19:10,zh,False,,77,3,46,1,67479,2,0,,,,,,永远听劝
2090758242628669599,https://x.com/justinsuntron/status/2090758242628669599,2026-08-21T11:09:44+00:00,2026-08-21 19:09,zh,False,,43,4,28,0,63723,8,0,,,,,,腾讯混元新一代硬核基座大模型Hy3已经在https://t.co/nMjQcILxG5 免费全量开放，看看有没有超越Deepseek的能力！
2090705986675941564,https://x.com/justinsuntron/status/2090705986675941564,2026-08-21T07:42:05+00:00,2026-08-21 15:42,en,False,,127,13,37,7,84503,1,0,,,,,,Happy to see TRON in the BEST pick — literally and figuratively.
2090702603961430199,https://x.com/justinsuntron/status/2090702603961430199,2026-08-21T07:28:38+00:00,2026-08-21 15:28,en,False,,96,9,32,1,92126,4,0,,,,,,Happy to see TRON in the BEST pick — literally and figuratively.
2090597696956776815,https://x.com/justinsuntron/status/2090597696956776815,2026-08-21T00:31:47+00:00,2026-08-21 08:31,en,True,,0,4,0,0,10117,0,0,,,,,,"RT @BitcoinNewsCom: JUSTIN SUN WINS KEY RULING IN WORLD LIBERTY FINANCIAL LAWSUIT

Justin Sun says a California federal judge rejected an e…"
2090567252332671256,https://x.com/justinsuntron/status/2090567252332671256,2026-08-20T22:30:48+00:00,2026-08-21 06:30,zxx,True,,0,3,0,0,14180,0,0,,,,,,RT @Crypto_Briefing: https://t.co/Pfry9sV0pm
2090536570315227628,https://x.com/justinsuntron/status/2090536570315227628,2026-08-20T20:28:53+00:00,2026-08-21 04:28,zh,False,,52,4,36,2,35337,3,1,https://pbs.twimg.com/media/HQMT7d0a0AATQBL.jpg,,,,,下一站：加入单日万亿Token俱乐部（其实只有OpenRouter一家） https://t.co/AL5fXyinaZ
2090535890749915282,https://x.com/justinsuntron/status/2090535890749915282,2026-08-20T20:26:11+00:00,2026-08-21 04:26,zh,False,,375,38,116,28,111310,69,0,,,,,,"今天，我的律师团队出席了加州联邦法院的听证，反对世界自由金融（World Liberty Financial）@worldlibertyfi 试图将我们的争议强行推入秘密仲裁程序、并将文件封存于公众视野之外的做法。

我们据理力争，主张本案应在公开法庭审理——法院支持了我们的立场。

这是一场重大胜利："
2090533541474091319,https://x.com/justinsuntron/status/2090533541474091319,2026-08-20T20:16:51+00:00,2026-08-21 04:16,en,False,,72,5,27,4,74204,4,1,https://pbs.twimg.com/media/HQMRLI8aoAAVSwH.jpg,,,,,Next Stop: 1T Club. 🚀 https://t.co/HKLPcxU6TH
2090530708758606217,https://x.com/justinsuntron/status/2090530708758606217,2026-08-20T20:05:35+00:00,2026-08-21 04:05,en,False,,578,92,144,50,186215,101,0,,,,,,"Today, my counsel appeared in California federal court to oppose World Liberty Financial's @worldlibertyfi  efforts to force our dispute into secret arbitration proceedings and seal documents from public view.

We argued forcefully that this case belongs in open court—and the"
2090522739765608623,https://x.com/justinsuntron/status/2090522739765608623,2026-08-20T19:33:55+00:00,2026-08-21 03:33,zh,False,,86,5,51,2,41030,1,0,,,,,,不要错过第二季！波场TRON疯狂星期四！
2090485703612518701,https://x.com/justinsuntron/status/2090485703612518701,2026-08-20T17:06:45+00:00,2026-08-21 01:06,en,False,,97,9,56,4,55612,3,0,,,,,,"HTX listens — again!

The community has been asking for stronger security, and we heard you.

HTX's security architecture has been officially upgraded, keeping user assets 100% SAFU:

🔹 Multi-address withdrawal system activated — hot wallet assets are now distributed across"
2090485132079865878,https://x.com/justinsuntron/status/2090485132079865878,2026-08-20T17:04:29+00:00,2026-08-21 01:04,zh,False,,99,8,91,5,62776,8,0,,,,,,"火币又听劝啦！📢

社区一直在提的安全建议，我们听进去了。

火币HTX安全体系正式升级，用户资产100%安全：

🔹 启用多出币地址体系，热钱包资产分散存放，不把鸡蛋放在一个篮子里

🔹 出币地址定期自动轮换，新地址启用后，旧地址即刻废弃，不再控制与使用

🔹"
2090477720153325865,https://x.com/justinsuntron/status/2090477720153325865,2026-08-20T16:35:02+00:00,2026-08-21 00:35,zh,False,,69,6,54,2,64697,2,0,,,,,,有用户问到相关进展，与15日的具体情况没有变化，和解谈判出结果我们会第一时间给社区同步，目前也只影响币安欧盟与英国用户，火币本身不在英国欧盟展业。
2090429623620550965,https://x.com/justinsuntron/status/2090429623620550965,2026-08-20T13:23:55+00:00,2026-08-20 21:23,ja,False,,59,5,52,3,62399,2,0,,,,,,3500亿
2090320424814911580,https://x.com/justinsuntron/status/2090320424814911580,2026-08-20T06:10:00+00:00,2026-08-20 14:10,fr,False,,185,29,72,5,97082,7,0,,,,,,$29T+ transferred on TRON.
2090304908344070539,https://x.com/justinsuntron/status/2090304908344070539,2026-08-20T05:08:20+00:00,2026-08-20 13:08,zh,False,,69,6,71,3,107161,2,0,,,,,,火币倡导用户第一的合规建设，合规固然重要，但用户永远第一！
2090299944678871479,https://x.com/justinsuntron/status/2090299944678871479,2026-08-20T04:48:37+00:00,2026-08-20 12:48,zh,True,,0,5,0,0,20937,0,0,,,,,,"RT @HTX_Molly: 好消息！
我们了解到，目前已经有几例受影响的kraken用户解冻了，这是一个很好的信号：一刀切冻结用户的资产，违背了“私人财产神圣不可侵犯”的基本原则。

权利是争取来的，针对加密的新法，必须符合加密去中心化、全球化的特色。

欢迎加入Kraken…"
2090290297213448218,https://x.com/justinsuntron/status/2090290297213448218,2026-08-20T04:10:17+00:00,2026-08-20 12:10,en,True,,0,29,0,0,16626,0,0,,,,,,"RT @trondao: More than $213M in value moved through TRON via @WalletConnect in H1 2026.

With activity spanning 1,221 apps across 185 count…"
2090273955626336460,https://x.com/justinsuntron/status/2090273955626336460,2026-08-20T03:05:21+00:00,2026-08-20 11:05,en,False,,134,12,37,3,119949,3,0,,,,,,Keep going
2090273447477936315,https://x.com/justinsuntron/status/2090273447477936315,2026-08-20T03:03:19+00:00,2026-08-20 11:03,fr,False,,177,23,31,4,97046,9,0,,,,,,Paxos on Tron
2090273314824749489,https://x.com/justinsuntron/status/2090273314824749489,2026-08-20T03:02:48+00:00,2026-08-20 11:02,en,True,,0,39,0,0,14941,0,1,https://pbs.twimg.com/media/HP6SKwJWEAAe9MD.jpg,,,,,"RT @Cointelegraph: 🔥 UPDATE: Stablecoin card top-up volume crossed $1B for the first time in July, per CryptoRank. https://t.co/eknUA43WAp"
2090273187766681934,https://x.com/justinsuntron/status/2090273187766681934,2026-08-20T03:02:18+00:00,2026-08-20 11:02,qst,False,,87,15,26,2,73598,1,0,,,,,,Few
2090230619565695038,https://x.com/justinsuntron/status/2090230619565695038,2026-08-20T00:13:08+00:00,2026-08-20 08:13,en,False,,909,62,48,3,125052,20,0,,,,,,Very much looking forward to such a future. 👏👏👏
2090102427336966246,https://x.com/justinsuntron/status/2090102427336966246,2026-08-19T15:43:45+00:00,2026-08-19 23:43,zh,False,,63,10,70,1,88162,9,0,,,,,,万亿目标已经锁定，大胆一点，年内超过Openrouter!
2090099076008444040,https://x.com/justinsuntron/status/2090099076008444040,2026-08-19T15:30:26+00:00,2026-08-19 23:30,zh,False,,91,10,76,1,99163,2,0,,,,,,格局太大了，写的好
2090092583443972454,https://x.com/justinsuntron/status/2090092583443972454,2026-08-19T15:04:38+00:00,2026-08-19 23:04,zh,False,,92,15,46,3,128463,5,0,,,,,,用户永远第一，受影响的火币用户可以加群，火币会尽一切努力保护用户的资产！
2090066392565633243,https://x.com/justinsuntron/status/2090066392565633243,2026-08-19T13:20:34+00:00,2026-08-19 21:20,zh,False,,44,4,33,1,61146,1,0,,,,,,狂飙突进
2090063021242765506,https://x.com/justinsuntron/status/2090063021242765506,2026-08-19T13:07:10+00:00,2026-08-19 21:07,zh,False,,50,2,43,0,100685,4,0,,,,,,可以点赞
2090062876010741994,https://x.com/justinsuntron/status/2090062876010741994,2026-08-19T13:06:35+00:00,2026-08-19 21:06,zh,False,,273,11,193,18,133247,2,0,,,,,,火币，世界上最听劝的交易所！
2090044171990212890,https://x.com/justinsuntron/status/2090044171990212890,2026-08-19T11:52:16+00:00,2026-08-19 19:52,ja,False,,78,6,40,1,102577,2,0,,,,,,降！
2090042347849691617,https://x.com/justinsuntron/status/2090042347849691617,2026-08-19T11:45:01+00:00,2026-08-19 19:45,zh,False,,53,7,31,2,72623,9,0,,,,,,突破2200亿，我理解已经达到openrouter 20%的流量了
2090015779093872732,https://x.com/justinsuntron/status/2090015779093872732,2026-08-19T09:59:27+00:00,2026-08-19 17:59,zh,False,,81,7,69,2,106047,3,0,,,,,,火币世界最听劝的交易所
2089931108158943271,https://x.com/justinsuntron/status/2089931108158943271,2026-08-19T04:22:59+00:00,2026-08-19 12:22,en,False,,118,16,52,5,96375,0,0,,,,,,Who will be #400M?
2089798479443038308,https://x.com/justinsuntron/status/2089798479443038308,2026-08-18T19:35:58+00:00,2026-08-19 03:35,ja,False,,21,0,7,0,4499,0,0,,,,,,@heyibinance @mk66623 互相互相 ☺️
2089798391958303041,https://x.com/justinsuntron/status/2089798391958303041,2026-08-18T19:35:37+00:00,2026-08-19 03:35,zh,True,,0,17,0,0,15447,0,0,,,,,,RT @heyibinance: @justinsuntron @mk66623 正在研究孙学。🙏
2089719963615629545,https://x.com/justinsuntron/status/2089719963615629545,2026-08-18T14:23:59+00:00,2026-08-18 22:23,en,False,,521,51,82,9,86913,10,0,,,,,,Up only
2089715238589653036,https://x.com/justinsuntron/status/2089715238589653036,2026-08-18T14:05:12+00:00,2026-08-18 22:05,zh,False,,55,7,74,2,66124,2,0,,,,,,越涨价越免费
2089710116463624451,https://x.com/justinsuntron/status/2089710116463624451,2026-08-18T13:44:51+00:00,2026-08-18 21:44,zh,False,,49,9,44,1,59565,2,0,,,,,,数据确实震撼，https://t.co/Id9VsXTy4C 快成巨头了
2089709828042330464,https://x.com/justinsuntron/status/2089709828042330464,2026-08-18T13:43:42+00:00,2026-08-18 21:43,zh,False,,73,4,35,8,84422,6,0,,,,,,调查真相已明：一切都是瞎编的
2089707746115657733,https://x.com/justinsuntron/status/2089707746115657733,2026-08-18T13:35:26+00:00,2026-08-18 21:35,zh,False,,48,4,33,5,53536,3,0,,,,,,769亿单日新纪录
2089706849348231225,https://x.com/justinsuntron/status/2089706849348231225,2026-08-18T13:31:52+00:00,2026-08-18 21:31,en,False,,50,6,17,1,51890,1,0,,,,,,76.9B+ Tokens in 24 Hours!
2089670648633471286,https://x.com/justinsuntron/status/2089670648633471286,2026-08-18T11:08:01+00:00,2026-08-18 19:08,qst,False,,81,9,28,4,65788,1,0,,,,,,Few
2089670457083765023,https://x.com/justinsuntron/status/2089670457083765023,2026-08-18T11:07:15+00:00,2026-08-18 19:07,zh,False,,65,2,22,4,68779,2,0,,,,,,USDD Gas Free 来了！
2089669599294070854,https://x.com/justinsuntron/status/2089669599294070854,2026-08-18T11:03:51+00:00,2026-08-18 19:03,nl,False,,145,13,23,6,52612,3,0,,,,,,TRX ETF
2089666024593637526,https://x.com/justinsuntron/status/2089666024593637526,2026-08-18T10:49:39+00:00,2026-08-18 18:49,zh,False,,287,5,71,4,46721,13,0,,,,,,@mk66623 说得好！立刻马上向一姐学习！
2089634033559036227,https://x.com/justinsuntron/status/2089634033559036227,2026-08-18T08:42:31+00:00,2026-08-18 16:42,zh,False,,85,5,66,3,108087,8,0,,,,,,写的很好，继续吐槽大会
2089629764328005685,https://x.com/justinsuntron/status/2089629764328005685,2026-08-18T08:25:33+00:00,2026-08-18 16:25,zxx,True,,0,13,0,0,19753,0,0,,,,,,RT @trondao: https://t.co/WKuzfkrUoc
2089600197068575011,https://x.com/justinsuntron/status/2089600197068575011,2026-08-18T06:28:04+00:00,2026-08-18 14:28,ja,False,,74,5,87,7,114484,18,0,,,,,,信一次
2089599231325782114,https://x.com/justinsuntron/status/2089599231325782114,2026-08-18T06:24:14+00:00,2026-08-18 14:24,zh,True,,0,1,0,0,21367,0,0,,,,,,"RT @0xMoon: GasFree支持USDD？三重利好

今天看到一个公告，波场的GasFree功能已经支持了USDD，这个我觉得意义还是非同凡响的，可以说是对GasFree、USDD、JustLend DAO的三重利好。

对GasFree来讲

1/… http…"
2089593606755778963,https://x.com/justinsuntron/status/2089593606755778963,2026-08-18T06:01:53+00:00,2026-08-18 14:01,ja,False,,55,8,43,0,90218,4,0,,,,,,白用https://t.co/Id9VsXTy4C
2089577883501244517,https://x.com/justinsuntron/status/2089577883501244517,2026-08-18T04:59:24+00:00,2026-08-18 12:59,art,False,,131,15,38,1,67296,1,0,,,,,,👀
2089550350735065375,https://x.com/justinsuntron/status/2089550350735065375,2026-08-18T03:10:00+00:00,2026-08-18 11:10,en,False,,170,27,66,7,95009,1,0,,,,,,Moving Trillions. Empowering Billions.🔻
2089484436345868740,https://x.com/justinsuntron/status/2089484436345868740,2026-08-17T22:48:05+00:00,2026-08-18 06:48,zh,False,,47,4,50,4,28407,2,0,,,,,,波场也顺便吐槽下
2089483411706843597,https://x.com/justinsuntron/status/2089483411706843597,2026-08-17T22:44:00+00:00,2026-08-18 06:44,en,False,,49,4,15,0,25853,3,0,,,,,,Keep going
2089483054842773937,https://x.com/justinsuntron/status/2089483054842773937,2026-08-17T22:42:35+00:00,2026-08-18 06:42,zh,False,,83,1,148,6,48497,2,0,,,,,,全网对火币开始大吐槽，采纳都有奖，小孙客服在线服务！@HuobiGlobal
2089479307651580276,https://x.com/justinsuntron/status/2089479307651580276,2026-08-17T22:27:42+00:00,2026-08-18 06:27,zh,False,,45,2,28,1,38086,2,0,,,,,,.@HuobiGlobal 立刻报给产品部门
2089474868408631518,https://x.com/justinsuntron/status/2089474868408631518,2026-08-17T22:10:03+00:00,2026-08-18 06:10,qst,False,,52,0,17,1,29290,2,0,,,,,,Few
2089313199564935204,https://x.com/justinsuntron/status/2089313199564935204,2026-08-17T11:27:38+00:00,2026-08-17 19:27,zh,False,,339,120,139,10,102577,25,0,,,,,,表示关注
2089270340929429924,https://x.com/justinsuntron/status/2089270340929429924,2026-08-17T08:37:20+00:00,2026-08-17 16:37,en,False,,113,12,45,5,101942,17,0,,,,,,https://t.co/Id9VsXTy4C is free
2089270107893829903,https://x.com/justinsuntron/status/2089270107893829903,2026-08-17T08:36:25+00:00,2026-08-17 16:36,ja,False,,65,4,44,1,96888,18,0,,,,,,https://t.co/Id9VsXTy4C 免费你敢信
2089259642132345300,https://x.com/justinsuntron/status/2089259642132345300,2026-08-17T07:54:49+00:00,2026-08-17 15:54,zh,False,,163,7,129,3,111241,3,0,,,,,,客服小孙在线答疑！
2089258808145223877,https://x.com/justinsuntron/status/2089258808145223877,2026-08-17T07:51:31+00:00,2026-08-17 15:51,en,True,,0,38,0,0,19349,0,0,,,,,,RT @trondao: Stablecoins are giving remote workers and young creatives in Nigeria a more direct way to receive payments from clients around…
2089209393166585977,https://x.com/justinsuntron/status/2089209393166585977,2026-08-17T04:35:09+00:00,2026-08-17 12:35,vi,False,,268,19,60,6,115629,7,0,,,,,,TRON in Vietnam. 🇻🇳
2088987164063498596,https://x.com/justinsuntron/status/2088987164063498596,2026-08-16T13:52:06+00:00,2026-08-16 21:52,ja,False,,94,4,60,1,87496,4,0,,,,,,关注小TRX JST
2088909709847973989,https://x.com/justinsuntron/status/2088909709847973989,2026-08-16T08:44:19+00:00,2026-08-16 16:44,zh,False,,122,9,88,6,107767,10,0,,,,,,C2C现在市场份额已经是第一了
2088892240492216348,https://x.com/justinsuntron/status/2088892240492216348,2026-08-16T07:34:54+00:00,2026-08-16 15:34,en,False,,138,16,49,5,112139,1,0,,,,,,keep going
2088722337709654105,https://x.com/justinsuntron/status/2088722337709654105,2026-08-15T20:19:46+00:00,2026-08-16 04:19,zh,False,,20,0,11,0,7482,0,0,,,,,,不管火币团队做得好不好，我们对于永续美股这个赛道是高度看好的，也会后续倾斜资源认真做好，如果团队做不好就换团队，但是平台肯定是得到我绝对支持的，用户不用担心任何。
2088721728340197854,https://x.com/justinsuntron/status/2088721728340197854,2026-08-15T20:17:21+00:00,2026-08-16 04:17,zh,False,,170,10,124,6,48602,6,0,,,,,,看到X上有不少用户吐槽火币，让我想起阿里巴巴刚做阿里云的时候，阿里云在阿里体系里也不受待见，连淘宝都不愿意用阿里云作为基础设施。既然我们做出了决策，就会尽最大的努力支持火币，也希望用户能够像支持早期的阿里云一样支持火币，当然我相信火币的团队也会用自己的努力来回报这份支持。
2088710217391636618,https://x.com/justinsuntron/status/2088710217391636618,2026-08-15T19:31:36+00:00,2026-08-16 03:31,zh,False,,2,0,4,0,2228,0,0,,,,,,@Borearion 美国应用商店确实没有上架，可以切换其他国家
2088683240672698689,https://x.com/justinsuntron/status/2088683240672698689,2026-08-15T17:44:25+00:00,2026-08-16 01:44,en,False,,199,19,69,7,67142,10,0,,,,,,so far so good
2088683057595523331,https://x.com/justinsuntron/status/2088683057595523331,2026-08-15T17:43:41+00:00,2026-08-16 01:43,zh,False,,48,4,39,4,67743,28,0,,,,,,https://t.co/Id9VsXTy4C 太强了，很多人低估了潜力，极简但好用
2088682825432363220,https://x.com/justinsuntron/status/2088682825432363220,2026-08-15T17:42:46+00:00,2026-08-16 01:42,en,False,,123,15,46,5,61454,3,0,,,,,,Happy to see Rollbit on Tron @trondao
2088681626809385191,https://x.com/justinsuntron/status/2088681626809385191,2026-08-15T17:38:00+00:00,2026-08-16 01:38,zh,False,,8,0,7,0,6974,0,0,,,,,,. @ellazhang516 此处要给版权费吗
2088681458500313130,https://x.com/justinsuntron/status/2088681458500313130,2026-08-15T17:37:20+00:00,2026-08-16 01:37,zh,False,,75,4,47,7,61566,6,0,,,,,,何必到处走，https://t.co/Id9VsXTy4C啥都有！
2088643270599757832,https://x.com/justinsuntron/status/2088643270599757832,2026-08-15T15:05:35+00:00,2026-08-15 23:05,ja,False,,19,0,8,0,9711,0,0,,,,,,@wolfyxbt 下次一定快
2088622814001807524,https://x.com/justinsuntron/status/2088622814001807524,2026-08-15T13:44:18+00:00,2026-08-15 21:44,ja,False,,8,0,4,1,3973,0,0,,,,,,@0xMoon 不会
2088621360910369046,https://x.com/justinsuntron/status/2088621360910369046,2026-08-15T13:38:31+00:00,2026-08-15 21:38,zh,False,,2,0,4,0,6146,0,0,,,,,,@DRbitcoin36 确实低，给三个月时间
2088621154940637585,https://x.com/justinsuntron/status/2088621154940637585,2026-08-15T13:37:42+00:00,2026-08-15 21:37,ja,False,,4,0,3,0,9079,0,0,,,,,,@ZKSgu 懂得都懂
2088620352872312980,https://x.com/justinsuntron/status/2088620352872312980,2026-08-15T13:34:31+00:00,2026-08-15 21:34,zh,False,,4,0,3,0,7642,1,0,,,,,,@DL0868 对
2088620192100474880,https://x.com/justinsuntron/status/2088620192100474880,2026-08-15T13:33:53+00:00,2026-08-15 21:33,zh,False,,4,0,7,0,9362,0,0,,,,,,@Borearion 哪个国家
2088578654515462361,https://x.com/justinsuntron/status/2088578654515462361,2026-08-15T10:48:49+00:00,2026-08-15 18:48,zh,False,,388,20,454,26,184540,24,0,,,,,,来火币，送外面价值十几万的元宇宙公民身份，享受最先进永续技术
2088571948649558317,https://x.com/justinsuntron/status/2088571948649558317,2026-08-15T10:22:11+00:00,2026-08-15 18:22,zh,False,,497,23,573,40,226784,47,0,,,,,,炒美股，来火币
2088570847082783220,https://x.com/justinsuntron/status/2088570847082783220,2026-08-15T10:17:48+00:00,2026-08-15 18:17,en,False,,169,16,52,4,97832,7,0,,,,,,👀 Tron leads 4
2088566147147063390,https://x.com/justinsuntron/status/2088566147147063390,2026-08-15T09:59:07+00:00,2026-08-15 17:59,zh,False,,74,6,39,0,92930,5,0,,,,,,先提升广度，再提升深度
2088341375670784087,https://x.com/justinsuntron/status/2088341375670784087,2026-08-14T19:05:58+00:00,2026-08-15 03:05,en,False,,163,14,52,7,58782,3,0,,,,,,"I have been in communication with Binance. This matter concerns only Binance’s UK and EU users. HTX does not conduct business in the UK or EU, and settlement negotiations with UK and EU regulators are already in progress. Any users affected in the course of these negotiations are"
2088340914683146377,https://x.com/justinsuntron/status/2088340914683146377,2026-08-14T19:04:08+00:00,2026-08-15 03:04,zh,False,,280,13,70,8,77083,21,0,,,,,,我与币安沟通过了，只涉及币安英国与欧盟用户，火币本身不在英国与欧盟展业，我们与英国欧盟监管机构的和解谈判也已经在进行中，如果有用户在此和解谈判中受到影响，可以随时反应给火币客服，我们会协调解决。
2088340380429480192,https://x.com/justinsuntron/status/2088340380429480192,2026-08-14T19:02:00+00:00,2026-08-15 03:02,zh,False,,37,2,31,0,52932,2,0,,,,,,和解谈判已经进行中，静待结果
2088201158523515175,https://x.com/justinsuntron/status/2088201158523515175,2026-08-14T09:48:47+00:00,2026-08-14 17:48,da,False,,152,6,55,2,100093,3,0,,,,,,HTX is No.8 @HuobiGlobal @HTX_Global
2088194740697379121,https://x.com/justinsuntron/status/2088194740697379121,2026-08-14T09:23:17+00:00,2026-08-14 17:23,en,True,,0,17,0,0,19930,0,0,,,,,,"RT @trondao: #TRON’s latest network upgrade is here. 🔨

GreatVoyage-v4.8.2 brings new updates designed to strengthen compatibility and supp…"
2088164602836337121,https://x.com/justinsuntron/status/2088164602836337121,2026-08-14T07:23:32+00:00,2026-08-14 15:23,zh,False,,111,2,63,2,110813,1,0,,,,,,说的太对了，得紧张起来，Q2是冲刺的一个月！我非常赞同本文的说法！以股票永续为核心的转型时不我待！
2088162185851900190,https://x.com/justinsuntron/status/2088162185851900190,2026-08-14T07:13:55+00:00,2026-08-14 15:13,en,True,,0,357,0,0,21274,0,0,,,,,,"RT @paoloardoino: Wen Tether audit? nOw.

Today Tether announces its first full financial audit for Tether International, conducted by KPMG…"
2088147448162373651,https://x.com/justinsuntron/status/2088147448162373651,2026-08-14T06:15:22+00:00,2026-08-14 14:15,en,False,,432,34,96,38,114113,49,1,https://pbs.twimg.com/amplify_video_thumb/2088147334375075841/img/YwYGG3DjqnjkAgWv.jpg,,,,,"Opinions come and go. Results are what matter.

What you build is what people remember. So Keep building. https://t.co/GgkrptBxB8"
2088126592262549731,https://x.com/justinsuntron/status/2088126592262549731,2026-08-14T04:52:29+00:00,2026-08-14 12:52,en,False,,147,17,49,1,109331,5,0,,,,,,$34.75M+ in Q2 buyback and burn value highlights TRON Eco projects’ commitment to long-term value alignment.🙌
2088105491130187821,https://x.com/justinsuntron/status/2088105491130187821,2026-08-14T03:28:38+00:00,2026-08-14 11:28,en,True,,0,23,0,0,18892,0,0,,,,,,"RT @trondao: TRON’s role in global stablecoin settlement continues to expand alongside growing institutional access.

With $90B+ in USDT on…"
2087941507059945843,https://x.com/justinsuntron/status/2087941507059945843,2026-08-13T16:37:02+00:00,2026-08-14 00:37,en,True,,0,10,0,0,20195,0,0,,,,,,"RT @TRON_INC: Tron Inc. Announces Plan to Deepen Integration with TRON Ecosystem and Pursue Super Representative Status
https://t.co/jY6avu…"
2087817488864251989,https://x.com/justinsuntron/status/2087817488864251989,2026-08-13T08:24:13+00:00,2026-08-13 16:24,zh,False,,111,11,134,5,88688,1,0,,,,,,火币十三周年纪念
2087585500383285664,https://x.com/justinsuntron/status/2087585500383285664,2026-08-12T17:02:23+00:00,2026-08-13 01:02,zh,False,,48,1,57,1,67487,4,0,,,,,,交易美股来火币
2087562752072266232,https://x.com/justinsuntron/status/2087562752072266232,2026-08-12T15:31:59+00:00,2026-08-12 23:31,zh,True,,0,10,0,0,19876,0,0,,,,,,"RT @EmberCN: 现在交易所 TradFi 争夺战打的这么火热了吗😂HTX 这交易负费率招式都使出来了。

就是如果你正常交易花了 $100 刀的手续费，能够瓜分拿到价值 $105-$110 的 $HTX，是超过你的手续费支出的。… https://t.co/5nb37…"
2087546840493506969,https://x.com/justinsuntron/status/2087546840493506969,2026-08-12T14:28:46+00:00,2026-08-12 22:28,en,False,,145,18,58,6,66350,5,0,,,,,,Guess which chain USDT continues to grow on.
2087497222938329134,https://x.com/justinsuntron/status/2087497222938329134,2026-08-12T11:11:36+00:00,2026-08-12 19:11,en,False,,98,10,37,1,75152,1,0,,,,,,https://t.co/nMjQcILxG5 APP is live now!
2087495350575935929,https://x.com/justinsuntron/status/2087495350575935929,2026-08-12T11:04:10+00:00,2026-08-12 19:04,en,True,,0,4,0,0,22007,0,0,,,,,,"RT @AdrianWall8395: Stablecoins are increasingly moving from a crypto-native use case into broader financial infrastructure.

@trondao's $…"
2087455128567853487,https://x.com/justinsuntron/status/2087455128567853487,2026-08-12T08:24:20+00:00,2026-08-12 16:24,en,False,,72,5,29,5,78317,0,0,,,,,,Spot Margin Trading live now on @HTX_Global
2087444578458849771,https://x.com/justinsuntron/status/2087444578458849771,2026-08-12T07:42:25+00:00,2026-08-12 15:42,en,False,,134,24,43,9,102062,4,0,,,,,,Another sTRONg quarter for TRON. 🔻
2087426922926223432,https://x.com/justinsuntron/status/2087426922926223432,2026-08-12T06:32:15+00:00,2026-08-12 14:32,ja,False,,56,7,26,1,96157,2,0,,,,,,折上加折
2087386734783021372,https://x.com/justinsuntron/status/2087386734783021372,2026-08-12T03:52:33+00:00,2026-08-12 11:52,en,False,,151,17,46,6,118909,3,0,,,,,,More people keep choosing TRON.
2087202919989035190,https://x.com/justinsuntron/status/2087202919989035190,2026-08-11T15:42:09+00:00,2026-08-11 23:42,zh,True,,0,7,0,0,21379,0,0,,,,,,"RT @0xMayyy: 16 家加密财库主体,  只有 TRON Inc 押对了“稳”

16 家主要加密财库主体中
仅有 6 家处于盈利状态
而 2025 年建仓的 8 家里
只有 TRON Inc 押对了资产

TRON Inc 自 2025 年 6 月建仓
目前总盈利…"
2087190995301798139,https://x.com/justinsuntron/status/2087190995301798139,2026-08-11T14:54:46+00:00,2026-08-11 22:54,en,True,,0,105,0,0,18394,0,1,https://pbs.twimg.com/media/HPWR3WeXUAA2aFT.jpg,,,,,"RT @Cointelegraph: 🔥 TODAY: Tether mints $1,000,000,000 $USDT on the Tron network. https://t.co/QWDIm61FoO"
2087110222200602752,https://x.com/justinsuntron/status/2087110222200602752,2026-08-11T09:33:48+00:00,2026-08-11 17:33,en,True,,0,39,0,0,22543,0,0,,,,,,"RT @MessariCrypto: State of @trondao Q2

Key Update: TRON extends its lead as the largest USDT settlement network by circulating supply, wi…"
2087087234822595009,https://x.com/justinsuntron/status/2087087234822595009,2026-08-11T08:02:27+00:00,2026-08-11 16:02,en,True,,0,18,0,0,19661,0,0,,,,,,"RT @trondao: Real retail adoption means meeting users where they already are and giving them infrastructure that works at scale.

Great dis…"
2087066232139010455,https://x.com/justinsuntron/status/2087066232139010455,2026-08-11T06:39:00+00:00,2026-08-11 14:39,qst,False,,163,17,58,6,111180,6,0,,,,,,91B.
2087038046407712775,https://x.com/justinsuntron/status/2087038046407712775,2026-08-11T04:47:00+00:00,2026-08-11 12:47,en,False,,160,12,58,5,111544,0,0,,,,,,No quiet season. Just keep building on TRON.
2087022877149438291,https://x.com/justinsuntron/status/2087022877149438291,2026-08-11T03:46:43+00:00,2026-08-11 11:46,en,True,,0,8,0,0,21809,0,0,,,,,,"RT @DSAForg: The Senate is moving forward on the Clarity Act as @LeaderJohnThune files cloture on the motion to proceed.

DSA Managing Dir…"
2087005073067188466,https://x.com/justinsuntron/status/2087005073067188466,2026-08-11T02:35:58+00:00,2026-08-11 10:35,de,False,,201,24,56,6,117828,2,0,,,,,,Wen 100B
2086048336008859820,https://x.com/justinsuntron/status/2086048336008859820,2026-08-08T11:14:14+00:00,2026-08-08 19:14,en,False,,199,31,79,13,96116,8,0,,,,,,"TRON is building for the quantum era now.

With post-quantum security already being tested on the Nile Testnet, our goal is clear: become the first quantum-resistant blockchain network."
2085904652630167718,https://x.com/justinsuntron/status/2085904652630167718,2026-08-08T01:43:18+00:00,2026-08-08 09:43,en,False,,113,8,43,2,38680,7,1,https://pbs.twimg.com/amplify_video_thumb/2085904082527809536/img/vQFeaVDUaojNny-0.jpg,,,,,"Some people show you how high the bar really is.

Two mathematicians from Peking University’s 2007 entering class winning the Fields Medal says everything.

A moment worth celebrating. https://t.co/3RtXwrmvAU"
2085738755223441434,https://x.com/justinsuntron/status/2085738755223441434,2026-08-07T14:44:05+00:00,2026-08-07 22:44,en,False,,121,7,58,5,84717,3,0,,,,,,Keep going
2085623066332393518,https://x.com/justinsuntron/status/2085623066332393518,2026-08-07T07:04:22+00:00,2026-08-07 15:04,en,False,,131,11,77,1,111030,2,0,,,,,,Keep going
2085621419782836553,https://x.com/justinsuntron/status/2085621419782836553,2026-08-07T06:57:50+00:00,2026-08-07 14:57,en,True,,0,8,0,0,23477,0,0,,,,,,"RT @DSAForg: Stablecoins are already delivering real world value at global scale, and networks like @trondao are helping power that growth.…"
2085562637174427942,https://x.com/justinsuntron/status/2085562637174427942,2026-08-07T03:04:15+00:00,2026-08-07 11:04,fr,False,,187,35,72,10,121114,3,0,,,,,,15 billion transactions on #TRON.
2085298132288774353,https://x.com/justinsuntron/status/2085298132288774353,2026-08-06T09:33:12+00:00,2026-08-06 17:33,zh,False,,57,13,99,4,86105,1,0,,,,,,美股永续，负费率！
2085297801186165047,https://x.com/justinsuntron/status/2085297801186165047,2026-08-06T09:31:53+00:00,2026-08-06 17:31,ja,False,,75,11,60,4,103620,8,0,,,,,,https://t.co/nMjQcILxG5 再降价，低至1折
2085272766312579311,https://x.com/justinsuntron/status/2085272766312579311,2026-08-06T07:52:24+00:00,2026-08-06 15:52,en,True,,0,26,0,0,21034,0,0,,,,,,"RT @trondao: $4.76T in stablecoin volume moved across TRON during the first seven months of 2026. 📊

With monthly volume averaging $680B, i…"
2085233110434857005,https://x.com/justinsuntron/status/2085233110434857005,2026-08-06T05:14:49+00:00,2026-08-06 13:14,en,False,,198,27,66,13,103190,4,0,,,,,,"Gasless transactions are now on TRON.

Great to see this live with @moonpay and @TrustWallet."
2085170362971759009,https://x.com/justinsuntron/status/2085170362971759009,2026-08-06T01:05:29+00:00,2026-08-06 09:05,en,False,,240,39,66,4,107006,3,0,,,,,,Gasless transactions are now live on TRON through @moonpay.
2085077420990988459,https://x.com/justinsuntron/status/2085077420990988459,2026-08-05T18:56:10+00:00,2026-08-06 02:56,zh,False,,1060,90,241,21,165494,173,0,,,,,,"一代版本一代神

看到福布斯榜单上位次互换，我心里没有波澜，只有警醒。

王健林当年也曾是版本之神，正如我曾是不被相信的年轻人。

版本更迭最残酷之处，是身处巅峰的人总是最后察觉。

我凭什么是例外？

所以今天若有个年轻人对我讲一些我听不懂、甚至想嘲笑的东西，我很难再有王思聪这种自信。"
2084921470007037963,https://x.com/justinsuntron/status/2084921470007037963,2026-08-05T08:36:29+00:00,2026-08-05 16:36,zh,False,,90,20,90,4,104283,4,0,,,,,,14.35B 创新高
2084881416412880965,https://x.com/justinsuntron/status/2084881416412880965,2026-08-05T05:57:19+00:00,2026-08-05 13:57,en,True,,0,13,0,0,23336,0,0,,,,,,"RT @DSAForg: The Senate leaves for August recess on Friday. If the Clarity Act gets its floor vote first, more than 70 million American cry…"
2084854541812732388,https://x.com/justinsuntron/status/2084854541812732388,2026-08-05T04:10:32+00:00,2026-08-05 12:10,zh,False,,76,17,90,1,109992,3,0,,,,,,玩美股永续，来火币！
2084853006764540277,https://x.com/justinsuntron/status/2084853006764540277,2026-08-05T04:04:26+00:00,2026-08-05 12:04,zh,False,,78,16,49,4,117118,4,0,,,,,,听劝的火币
2084852024559149412,https://x.com/justinsuntron/status/2084852024559149412,2026-08-05T04:00:31+00:00,2026-08-05 12:00,en,False,,124,16,43,4,119115,2,0,,,,,,Keep going
2084845570846601654,https://x.com/justinsuntron/status/2084845570846601654,2026-08-05T03:34:53+00:00,2026-08-05 11:34,en,False,,166,22,54,8,120168,4,0,,,,,,See you in Indonesia 🇮🇩
2084634785386045659,https://x.com/justinsuntron/status/2084634785386045659,2026-08-04T13:37:18+00:00,2026-08-04 21:37,en,True,,0,20,0,0,17962,0,0,,,,,,"RT @BinanceWallet: The next season of rewards drops tomorrow⏳

Season 2 of the TRON Carnival campaign with @trondao @DeFi_JUST @OfficialSU…"
2084634751189844001,https://x.com/justinsuntron/status/2084634751189844001,2026-08-04T13:37:09+00:00,2026-08-04 21:37,zh,True,,0,10,0,0,18664,0,0,,,,,,"RT @binancezh: 🎡预告！TRON嘉年华奖励再加码，235万等值美元奖励等你赚不停～

📅活动时间：2026年8月5日 早8:00 至 2026年10月4日 早7:59 （东八区时间）

活动期间，通过 #币安钱包 DeFi 在JustLend DAO协议的TRX…"
2084600718783344662,https://x.com/justinsuntron/status/2084600718783344662,2026-08-04T11:21:56+00:00,2026-08-04 19:21,en,True,,0,9,0,0,23493,0,0,,,,,,"RT @DSAForg: 💡 This past Thursday, the DSA continued its four-part educational series with students at @SAES High School, with Professor Ch…"
2084589367855858141,https://x.com/justinsuntron/status/2084589367855858141,2026-08-04T10:36:49+00:00,2026-08-04 18:36,en,False,,164,25,69,6,83478,8,0,,,,,,TRX ETF coming soon
2084562942872404469,https://x.com/justinsuntron/status/2084562942872404469,2026-08-04T08:51:49+00:00,2026-08-04 16:51,en,False,,144,23,62,1,95198,5,0,,,,,,Good to see TRON part of the conversation at Stanford with the next generation of builders.
2084474552596508984,https://x.com/justinsuntron/status/2084474552596508984,2026-08-04T03:00:35+00:00,2026-08-04 11:00,en,False,,192,32,72,4,120579,3,0,,,,,,The future of crypto payments is being built on TRON.
2084379852120203326,https://x.com/justinsuntron/status/2084379852120203326,2026-08-03T20:44:17+00:00,2026-08-04 04:44,zh,False,,43,0,22,1,16534,1,0,,,,,,@TokenMore 加一下我，看看情况
2084255882800746673,https://x.com/justinsuntron/status/2084255882800746673,2026-08-03T12:31:40+00:00,2026-08-03 20:31,en,True,,0,12,0,0,22974,0,0,,,,,,"RT @TRONSCAN_ORG: 🎉 TRON’s total accounts have surpassed 396 million!

TRON ecosystem continues its rapid growth as we push forward on our…"
2084251196819390806,https://x.com/justinsuntron/status/2084251196819390806,2026-08-03T12:13:03+00:00,2026-08-03 20:13,zh,False,,68,8,78,1,70303,5,0,,,,,,Qwen 3.8 首发https://t.co/nMjQcILxG5 全场免费使用
2084250932779553004,https://x.com/justinsuntron/status/2084250932779553004,2026-08-03T12:12:00+00:00,2026-08-03 20:12,en,False,,94,10,39,2,94581,3,0,,,,,,Keep going
2084206369914417430,https://x.com/justinsuntron/status/2084206369914417430,2026-08-03T09:14:55+00:00,2026-08-03 17:14,en,False,,131,18,59,6,94158,4,0,,,,,,Gasless is the way forward.
2084183822720200852,https://x.com/justinsuntron/status/2084183822720200852,2026-08-03T07:45:20+00:00,2026-08-03 15:45,en,True,,0,85,0,0,23315,0,0,,,,,,"RT @DeFi_JUST: 🚀400,766 users have now experienced GasFree.

Sending USDT on TRON doesn't have to begin with preparing TRX.

People don't k…"
2084125635224711305,https://x.com/justinsuntron/status/2084125635224711305,2026-08-03T03:54:07+00:00,2026-08-03 11:54,en,False,,304,49,103,32,116341,17,1,https://pbs.twimg.com/amplify_video_thumb/2084125004053270528/img/S-X_3u2KHSeL7xvL.jpg,,,,,"Almost one year ago, I fulfilled a dream nearly 30 years in the making and became Astronaut #712. 🚀

In @blueorigin Vlog: Episode 1, I’m taking you inside Astronaut Village as I prepare for launch, reflect on the journey that brought me there, and share my vision for a future https://t.co/28Ec0DCQxW"
2083492958561832963,https://x.com/justinsuntron/status/2083492958561832963,2026-08-01T10:00:05+00:00,2026-08-01 18:00,zh,False,,115,20,83,4,103464,4,0,,,,,,增速不错
2083442174902120930,https://x.com/justinsuntron/status/2083442174902120930,2026-08-01T06:38:17+00:00,2026-08-01 14:38,en,True,,0,16,0,0,23731,0,0,,,,,,"RT @sparkfinance: Newly supplied WBTC flowed into SparkLend faster than many other major lending protocols over the past seven days.

Spark…"
2083431112060338385,https://x.com/justinsuntron/status/2083431112060338385,2026-08-01T05:54:20+00:00,2026-08-01 13:54,en,False,,131,13,43,4,115332,1,0,,,,,,keep going
2083431065528725783,https://x.com/justinsuntron/status/2083431065528725783,2026-08-01T05:54:08+00:00,2026-08-01 13:54,en,True,,0,7,0,0,20456,0,0,,,,,,"RT @TRON_INC: Tron Inc. (NASDAQ: TRON) acquired 152,136 TRX tokens today at an average price of $0.3287, further increasing its TRX treasur…"
2083176298856476727,https://x.com/justinsuntron/status/2083176298856476727,2026-07-31T13:01:47+00:00,2026-07-31 21:01,en,False,,66,13,37,7,58959,1,0,,,,,,https://t.co/nMjQcILxG5 API Custom Provider ecosystem is expanding!
2083095281051320556,https://x.com/justinsuntron/status/2083095281051320556,2026-07-31T07:39:51+00:00,2026-07-31 15:39,en,False,,119,18,73,7,97104,2,0,,,,,,2.05 million users now
2083094090334556270,https://x.com/justinsuntron/status/2083094090334556270,2026-07-31T07:35:07+00:00,2026-07-31 15:35,en,False,,104,16,41,6,110295,2,0,,,,,,keep going
2083084639284138334,https://x.com/justinsuntron/status/2083084639284138334,2026-07-31T06:57:34+00:00,2026-07-31 14:57,en,True,,0,10,0,0,23158,0,0,,,,,,"RT @DSAForg: What a great day at Stanford with @StanfordSBA! 🔥

@MollyWoodman, Senior Policy Advisor at the DSA, attended the Blockchain Ap…"
2083064100385685973,https://x.com/justinsuntron/status/2083064100385685973,2026-07-31T05:35:57+00:00,2026-07-31 13:35,en,False,,125,17,54,6,85663,0,0,,,,,,Just 5M to go.
2083052834657120677,https://x.com/justinsuntron/status/2083052834657120677,2026-07-31T04:51:11+00:00,2026-07-31 12:51,no,False,,127,13,40,3,96324,1,0,,,,,,TRON at Stanford. 🏫
2082843270863020534,https://x.com/justinsuntron/status/2082843270863020534,2026-07-30T14:58:27+00:00,2026-07-30 22:58,en,False,,631,68,314,31,92383,25,4,https://pbs.twimg.com/media/HOe-u5-akAAAf9a.jpg | https://pbs.twimg.com/media/HOe-v3WaUAAn0Gm.jpg | https://pbs.twimg.com/media/HOe-w37akAAn7Q-.jpg | https://pbs.twimg.com/media/HOe-xx1asAAIChp.jpg,,,,,"At 36, there’s no point looking elsewhere. Go all in on the company you built. This is the age to make it happen. 😎 https://t.co/ycKhUpqQXu"
2082758194594709776,https://x.com/justinsuntron/status/2082758194594709776,2026-07-30T09:20:24+00:00,2026-07-30 17:20,en,False,,131,19,60,9,106046,3,0,,,,,,Keep going
2082754805727199413,https://x.com/justinsuntron/status/2082754805727199413,2026-07-30T09:06:56+00:00,2026-07-30 17:06,ja,False,,59,5,42,2,88177,7,0,,,,,,官方9折上了
2082514963495858646,https://x.com/justinsuntron/status/2082514963495858646,2026-07-29T17:13:53+00:00,2026-07-30 01:13,zh,False,,258,19,121,10,93189,13,0,,,,,,36岁去其他公司也不会被录取了，只能在自己公司背水一战了，正是闯的年纪！
2082489693195890848,https://x.com/justinsuntron/status/2082489693195890848,2026-07-29T15:33:28+00:00,2026-07-29 23:33,en,False,,93,10,47,2,78140,3,0,,,,,,Keep going
2082459015439905240,https://x.com/justinsuntron/status/2082459015439905240,2026-07-29T13:31:34+00:00,2026-07-29 21:31,en,False,,58,14,43,2,62104,1,0,,,,,,https://t.co/nMjQcILxG5 auto mode is live
2082453306019135815,https://x.com/justinsuntron/status/2082453306019135815,2026-07-29T13:08:52+00:00,2026-07-29 21:08,en,False,,90,13,38,1,60595,0,0,,,,,,Pleased to see TRX spot and perpetual markets launch on Backpack as we continue expanding the global TRON ecosystem!
2082412770780454948,https://x.com/justinsuntron/status/2082412770780454948,2026-07-29T10:27:48+00:00,2026-07-29 18:27,en,False,,166,21,61,3,87118,1,0,,,,,,TRX is now live on @Backpack 🎒
2082402044456132632,https://x.com/justinsuntron/status/2082402044456132632,2026-07-29T09:45:11+00:00,2026-07-29 17:45,en,True,,0,51,0,0,19767,0,0,,,,,,"RT @trondao: TRON’s Q2 momentum extended across network growth, institutional adoption, compliance, education, and emerging AI infrastructu…"
2082376952082821620,https://x.com/justinsuntron/status/2082376952082821620,2026-07-29T08:05:28+00:00,2026-07-29 16:05,en,True,,0,3,0,0,23829,0,0,,,,,,RT @DSAForg: 🇺🇸 The Clarity Act's benefits extend far beyond the digital asset industry. A durable regulatory framework and strong consumer…
2082370731233677390,https://x.com/justinsuntron/status/2082370731233677390,2026-07-29T07:40:45+00:00,2026-07-29 15:40,en,True,,0,25,0,0,21048,0,0,,,,,,"RT @CoinDesk: RESEARCH: TRX rose 3% in Q2 2026 while Bitcoin fell 4%, outperforming every major benchmarked asset except Hyperliquid. The d…"
2082361476103438704,https://x.com/justinsuntron/status/2082361476103438704,2026-07-29T07:03:58+00:00,2026-07-29 15:03,en,False,,122,15,84,1,89994,5,0,,,,,,Wen 15 billion?
2082347180992676146,https://x.com/justinsuntron/status/2082347180992676146,2026-07-29T06:07:10+00:00,2026-07-29 14:07,en,True,,0,59,0,0,20383,0,0,,,,,,"RT @trondao: Q2 network activity was reflected in fee generation across the ecosystem.

According to @CoinDesk Research, TRON generated nea…"
2082330339343814849,https://x.com/justinsuntron/status/2082330339343814849,2026-07-29T05:00:15+00:00,2026-07-29 13:00,en,False,,171,21,58,4,103182,4,0,,,,,,More users are choosing TRON every day.
2082132199986577498,https://x.com/justinsuntron/status/2082132199986577498,2026-07-28T15:52:55+00:00,2026-07-28 23:52,en,False,,147,14,53,6,53200,1,0,,,,,,Trust wallet on Tron
2082093516449349931,https://x.com/justinsuntron/status/2082093516449349931,2026-07-28T13:19:12+00:00,2026-07-28 21:19,en,True,,0,32,0,0,19481,0,0,,,,,,"RT @trondao: Stablecoins are becoming a central point of focus across traditional finance and onchain markets.

With TRON processing more t…"
2082072574503366911,https://x.com/justinsuntron/status/2082072574503366911,2026-07-28T11:55:59+00:00,2026-07-28 19:55,en,False,,127,15,43,1,63964,0,0,,,,,,TRON keeps moving billions.
2082042296019886246,https://x.com/justinsuntron/status/2082042296019886246,2026-07-28T09:55:40+00:00,2026-07-28 17:55,en,False,,117,9,40,3,100160,0,0,,,,,,Keep going
2082035160774779212,https://x.com/justinsuntron/status/2082035160774779212,2026-07-28T09:27:19+00:00,2026-07-28 17:27,en,True,,0,2,0,0,24078,0,0,,,,,,"RT @DSAForg: While Washington stays gridlocked on the Clarity Act, statehouses are writing America's crypto policy in real time. Five state…"
2082020374737526935,https://x.com/justinsuntron/status/2082020374737526935,2026-07-28T08:28:34+00:00,2026-07-28 16:28,en,False,,131,12,43,4,81783,0,0,,,,,,More adoption
2081992493651120564,https://x.com/justinsuntron/status/2081992493651120564,2026-07-28T06:37:46+00:00,2026-07-28 14:37,en,False,,134,14,47,5,96513,2,0,,,,,,Another step toward expanding regulated market access to TRX in the U.S. 🇺🇸
2081953409406820392,https://x.com/justinsuntron/status/2081953409406820392,2026-07-28T04:02:28+00:00,2026-07-28 12:02,en,False,,253,25,81,10,106607,4,0,,,,,,See you in Vietnam 🇻🇳
2081714764951257425,https://x.com/justinsuntron/status/2081714764951257425,2026-07-27T12:14:11+00:00,2026-07-27 20:14,en,True,,0,14,0,0,23740,0,0,,,,,,"RT @DSAForg: Today, our Managing Director, @AdrianWall8395, will join the @DefiantNews's live discussion on the Clarity Act, addressing thi…"
2081677934688088300,https://x.com/justinsuntron/status/2081677934688088300,2026-07-27T09:47:49+00:00,2026-07-27 17:47,zh,False,,121,19,115,1,104733,3,0,,,,,,现货交易坚挺
2081664440660046196,https://x.com/justinsuntron/status/2081664440660046196,2026-07-27T08:54:12+00:00,2026-07-27 16:54,en,False,,102,17,49,5,101565,3,0,,,,,,Keep going
2081663129629671554,https://x.com/justinsuntron/status/2081663129629671554,2026-07-27T08:49:00+00:00,2026-07-27 16:49,en,False,,128,22,53,4,77571,0,0,,,,,,Follow the data. It leads to TRON.
2081615575462371339,https://x.com/justinsuntron/status/2081615575462371339,2026-07-27T05:40:02+00:00,2026-07-27 13:40,en,False,,126,29,67,4,97554,7,0,,,,,,Protect users. Fight crimes.
2081592876887359831,https://x.com/justinsuntron/status/2081592876887359831,2026-07-27T04:09:50+00:00,2026-07-27 12:09,en,False,,139,22,56,2,104735,1,0,,,,,,Choose #TRON.🔻
2080910266909479016,https://x.com/justinsuntron/status/2080910266909479016,2026-07-25T06:57:23+00:00,2026-07-25 14:57,en,False,,151,23,60,3,111724,2,0,,,,,,Keep going
2080909572567683272,https://x.com/justinsuntron/status/2080909572567683272,2026-07-25T06:54:38+00:00,2026-07-25 14:54,en,False,,122,19,42,7,102068,2,0,,,,,,Opus 5 is live on https://t.co/nMjQcILxG5
2080583258849608091,https://x.com/justinsuntron/status/2080583258849608091,2026-07-24T09:17:58+00:00,2026-07-24 17:17,en,False,,150,22,54,3,123751,1,0,,,,,,Keep going
2080561890523246763,https://x.com/justinsuntron/status/2080561890523246763,2026-07-24T07:53:04+00:00,2026-07-24 15:53,en,True,,0,34,0,0,22385,0,0,,,,,,"RT @trondao: The CLARITY Act is within reach.

With the August recess approaching, timely action on digital asset market structure will be…"
2080521254759727516,https://x.com/justinsuntron/status/2080521254759727516,2026-07-24T05:11:36+00:00,2026-07-24 13:11,en,False,,429,53,119,29,244329,28,1,https://pbs.twimg.com/amplify_video_thumb/2080519529298628608/img/VkkoVOJKjqlhRkd5.jpg,,,,,"Congratulations to two of my fellow Peking University Class of 2007 alumni on winning the Fields Medal.

A proud moment for PKU and the Class of 2007. 🎉 https://t.co/eFkMD8OFzH"
2080340362477130056,https://x.com/justinsuntron/status/2080340362477130056,2026-07-23T17:12:47+00:00,2026-07-24 01:12,en,True,,0,135,0,0,20927,0,0,,,,,,"RT @moonpay: BREAKING: Discover Network has partnered with MoonPay

Discover Network cardholders in the U.S. can now buy thousands of suppo…"
2080334458587394476,https://x.com/justinsuntron/status/2080334458587394476,2026-07-23T16:49:20+00:00,2026-07-24 00:49,en,False,,86,6,38,1,71280,0,0,,,,,,Keep going
2080326088967041153,https://x.com/justinsuntron/status/2080326088967041153,2026-07-23T16:16:04+00:00,2026-07-24 00:16,en,True,,0,5,0,0,21788,0,0,,,,,,"RT @debridge: Stablecoins are on the move, and Tron is where they're heading

$30M+ in Tron inflows over the last 7 days, making it one of…"
2080218156380143760,https://x.com/justinsuntron/status/2080218156380143760,2026-07-23T09:07:11+00:00,2026-07-23 17:07,en,False,,147,35,88,18,59464,4,1,https://pbs.twimg.com/media/HN5rRXJb0AAw_0C.jpg,,,,,"Thanks to @Wikiexpo_global for the recognition.

Looking forward to what's next for TRON and @BAI_AGI. https://t.co/WAmim4vz91"
2080183675589894520,https://x.com/justinsuntron/status/2080183675589894520,2026-07-23T06:50:10+00:00,2026-07-23 14:50,en,False,,134,15,51,3,104469,2,0,,,,,,Keep going
2080144543761248510,https://x.com/justinsuntron/status/2080144543761248510,2026-07-23T04:14:41+00:00,2026-07-23 12:14,en,False,,200,30,52,17,99605,4,0,,,,,,TRON 🤝 S&amp;P
2079984800098886137,https://x.com/justinsuntron/status/2079984800098886137,2026-07-22T17:39:55+00:00,2026-07-23 01:39,ja,False,,43,2,40,0,44361,1,0,,,,,,折上加折
2079983793239380117,https://x.com/justinsuntron/status/2079983793239380117,2026-07-22T17:35:55+00:00,2026-07-23 01:35,en,True,,0,2,0,0,19349,0,0,,,,,,"RT @LisaFlorentina8: TRON quietly stacking wins while everyone sleeps:

🇯🇵 Major JP exchange bitFlyer just added $TRX - easier access for A…"
2079970504631591389,https://x.com/justinsuntron/status/2079970504631591389,2026-07-22T16:43:06+00:00,2026-07-23 00:43,en,False,,190,27,60,9,73359,5,0,,,,,,Happy to see TRON being included in the S&amp;P’s inaugural crypto index!
2079951464525660625,https://x.com/justinsuntron/status/2079951464525660625,2026-07-22T15:27:27+00:00,2026-07-22 23:27,en,True,,0,418,0,0,20450,0,0,,,,,,"RT @coinbureau: JUST IN: S&amp;P just launched its first ever crypto index and Bitcoin isn't in it.

CEO Kathy Clay says $BTC was excluded beca…"
2079944326361362595,https://x.com/justinsuntron/status/2079944326361362595,2026-07-22T14:59:05+00:00,2026-07-22 22:59,zh,True,,0,1,0,0,20665,0,0,,,,,,"RT @BroLeon: 虽然我没有 $HT 不过看HTX在感受到行业进入熊市，用户资产受影响（缩水）后愿意让利搞活动说明他们还是在做事的😂😂。

顺便看了一下 $HTX 和 $TRX $JST 等孙哥币的K线走势，说实话相比较大部分山寨走的挺不错的， $JST 甚至都已经24…"
2079942816378339618,https://x.com/justinsuntron/status/2079942816378339618,2026-07-22T14:53:05+00:00,2026-07-22 22:53,zh,True,,0,3,0,0,20949,0,0,,,,,,RT @jason_chen998: 标普道琼斯指数的CEO在最新采访中宣布要打造加密货币版本的标普500，首次把华尔街对股票的标准套到了币圈，追踪最优秀的一批项目，但里面却没有比特币🤔这份指数的入选标准不是按照市值，而是能产生长期真实的经济价值和业务收入，并且能回馈给代币持有…
2079930997223875063,https://x.com/justinsuntron/status/2079930997223875063,2026-07-22T14:06:07+00:00,2026-07-22 22:06,zh,True,,0,4,0,0,19145,0,0,,,,,,"RT @0xMoon: TRON 2026年Q2季度数据总结

1/日活跃用户较Q1季度增长10%
是活跃用户数最多的生态之一

2/USDT供应达到新高903亿
同时TRON占据USDT总供应47%以上

3/TRX价格相较于BTC逆势上涨
BTC下跌4%但TRX上涨3%…"
2079888435943248096,https://x.com/justinsuntron/status/2079888435943248096,2026-07-22T11:17:00+00:00,2026-07-22 19:17,en,False,,119,11,51,4,92066,3,0,,,,,,Keep building. The numbers will follow.
2079874305966706844,https://x.com/justinsuntron/status/2079874305966706844,2026-07-22T10:20:51+00:00,2026-07-22 18:20,en,False,,139,25,67,10,94227,2,0,,,,,,USDD is on fire
2079873511372517662,https://x.com/justinsuntron/status/2079873511372517662,2026-07-22T10:17:41+00:00,2026-07-22 18:17,et,False,,87,22,58,17,83991,1,0,,,,,,Gemini on https://t.co/nMjQcILxG5
2079873272360095754,https://x.com/justinsuntron/status/2079873272360095754,2026-07-22T10:16:44+00:00,2026-07-22 18:16,en,False,,81,15,49,13,79529,5,0,,,,,,Grok 4.5 in https://t.co/nMjQcILxG5
2079858178163098104,https://x.com/justinsuntron/status/2079858178163098104,2026-07-22T09:16:46+00:00,2026-07-22 17:16,en,True,,0,15,0,0,22212,0,0,,,,,,"RT @trondao: Around 90% of all stablecoin payment volume settles on TRON.

The latest analysis from @eco explores how payment activity acro…"
2079822041147126033,https://x.com/justinsuntron/status/2079822041147126033,2026-07-22T06:53:10+00:00,2026-07-22 14:53,en,False,,112,15,45,2,91830,0,0,,,,,,Built by the community. Powered by TRON.
2079809463834599710,https://x.com/justinsuntron/status/2079809463834599710,2026-07-22T06:03:11+00:00,2026-07-22 14:03,en,False,,95,15,57,19,100054,2,0,,,,,,Protect users. Fight crimes.
2079775763570848150,https://x.com/justinsuntron/status/2079775763570848150,2026-07-22T03:49:17+00:00,2026-07-22 11:49,zh,True,,0,11,0,0,23332,0,0,,,,,,"RT @DeFi_JUST: ✉️ #JUST 致 #JST 持有者的一封信

2026 年第二季度，我们开启新的征程：
• 累计回购销毁 17.29% 的 $JST（1,711,249,863 枚）
• 累计 $94.62M 已用于 JST 回购与销毁
• USDJ 历史稳定…"
2079757811555414107,https://x.com/justinsuntron/status/2079757811555414107,2026-07-22T02:37:56+00:00,2026-07-22 10:37,en,False,,187,24,56,10,122454,9,0,,,,,,Stablecoins are becoming payment infrastructure. Nearly 90% of stablecoin payment volume settles on TRON.
2079546088558928178,https://x.com/justinsuntron/status/2079546088558928178,2026-07-21T12:36:38+00:00,2026-07-21 20:36,en,False,,118,14,45,4,66258,2,0,,,,,,Enough transactions for everyone on Earth to transact on TRON nearly twice. 👀
2079481874225991835,https://x.com/justinsuntron/status/2079481874225991835,2026-07-21T08:21:28+00:00,2026-07-21 16:21,en,False,,176,19,54,9,107146,5,0,,,,,,394 million accounts.
2079230228434681967,https://x.com/justinsuntron/status/2079230228434681967,2026-07-20T15:41:31+00:00,2026-07-20 23:41,ja,False,,54,6,27,0,45331,0,0,,,,,,https://t.co/VOGZw5OLmM Tron交易增长引擎
2079206457611018728,https://x.com/justinsuntron/status/2079206457611018728,2026-07-20T14:07:03+00:00,2026-07-20 22:07,en,False,,95,9,37,6,54145,1,0,,,,,,Keep going
2079202231044505934,https://x.com/justinsuntron/status/2079202231044505934,2026-07-20T13:50:16+00:00,2026-07-20 21:50,en,True,,0,9,0,0,25361,0,0,,,,,,"RT @DSAForg: Our Managing Director, @AdrianWall8395, joined @CryptoAmerica_ to discuss why in-person meetings on the Hill matter, explainin…"
2079144734086537306,https://x.com/justinsuntron/status/2079144734086537306,2026-07-20T10:01:47+00:00,2026-07-20 18:01,en,False,,77,5,46,3,33350,0,0,,,,,,TRON is becoming the settlement layer for global payments.
2079119950896349564,https://x.com/justinsuntron/status/2079119950896349564,2026-07-20T08:23:19+00:00,2026-07-20 16:23,en,True,,0,21,0,0,18975,0,0,,,,,,"RT @trondao: Join @SamElfa0 at @StanfordSBA on Thursday, July 30th, as he discusses how stablecoins are transforming real-world payments an…"
2079086544238026970,https://x.com/justinsuntron/status/2079086544238026970,2026-07-20T06:10:34+00:00,2026-07-20 14:10,zxx,True,,0,7,0,0,22765,0,0,,,,,,RT @DSAForg: https://t.co/rmuW7OGA0h
2079052123380310525,https://x.com/justinsuntron/status/2079052123380310525,2026-07-20T03:53:47+00:00,2026-07-20 11:53,en,False,,86,11,54,4,50154,0,0,,,,,,TRON in every corner of the world. ⚽️
2078759073009521148,https://x.com/justinsuntron/status/2078759073009521148,2026-07-19T08:29:19+00:00,2026-07-19 16:29,zh,False,,116,17,108,3,76043,2,0,,,,,,再接再厉
2078758646620770702,https://x.com/justinsuntron/status/2078758646620770702,2026-07-19T08:27:37+00:00,2026-07-19 16:27,en,False,,92,15,38,2,65385,1,0,,,,,,Keep going
2078491737337778320,https://x.com/justinsuntron/status/2078491737337778320,2026-07-18T14:47:01+00:00,2026-07-18 22:47,ja,False,,85,12,49,2,91703,8,0,,,,,,https://t.co/nMjQcILxG5 全部支持
2078414484063084809,https://x.com/justinsuntron/status/2078414484063084809,2026-07-18T09:40:02+00:00,2026-07-18 17:40,zh,False,,37,2,40,3,20329,1,0,,,,,,"有”孙学”，就有”颖学”。

如果说孙学的本质，是靠个人奋斗和认知升级改变个人命运，颖学的本质，就是吸血孙学，吸血奋斗者，鸠占鹊巢，最终靠别人的奋斗完成自己的命运跃迁。

千万不要低估颖学的毁灭性——刘邦打下的大汉江山，差点被吕家拿走。

所以孙学的第二课就是：学会识别、防范颖学。"
2078376692893298813,https://x.com/justinsuntron/status/2078376692893298813,2026-07-18T07:09:52+00:00,2026-07-18 15:09,zh,False,,32,2,40,1,36440,0,0,,,,,,都来了
2078376601948180948,https://x.com/justinsuntron/status/2078376601948180948,2026-07-18T07:09:30+00:00,2026-07-18 15:09,en,True,,0,8,0,0,16165,0,0,,,,,,"RT @ChangeNOW_io: $USDD is available on ChangeNOW.

@usddio is a decentralized USD-pegged stablecoin backed by crypto reserves and built fo…"
2078372852370444680,https://x.com/justinsuntron/status/2078372852370444680,2026-07-18T06:54:36+00:00,2026-07-18 14:54,en,False,,30,3,24,0,32822,2,0,,,,,,. @usddio Season 7 is loading…
2078371124912717836,https://x.com/justinsuntron/status/2078371124912717836,2026-07-18T06:47:45+00:00,2026-07-18 14:47,zh,False,,33,2,34,1,30970,0,0,,,,,,来试试USDD
2078370491077902399,https://x.com/justinsuntron/status/2078370491077902399,2026-07-18T06:45:13+00:00,2026-07-18 14:45,zh,False,,17,0,14,0,25367,1,0,,,,,,确实是一种思路！
2078370358546280503,https://x.com/justinsuntron/status/2078370358546280503,2026-07-18T06:44:42+00:00,2026-07-18 14:44,en,False,,40,3,22,2,29967,0,0,,,,,,Keep going
2078343444792242665,https://x.com/justinsuntron/status/2078343444792242665,2026-07-18T04:57:45+00:00,2026-07-18 12:57,en,False,,88,8,43,4,43325,0,0,,,,,,400M accounts is coming.
2078121832549617960,https://x.com/justinsuntron/status/2078121832549617960,2026-07-17T14:17:09+00:00,2026-07-17 22:17,en,False,,77,16,38,3,54963,3,0,,,,,,17.29% of the total $JST supply has now been removed from circulation.
2078102001133699574,https://x.com/justinsuntron/status/2078102001133699574,2026-07-17T12:58:20+00:00,2026-07-17 20:58,zh,True,,0,144,0,0,24132,0,0,,,,,,"RT @mrblock: 🎉 抽獎活動開跑｜送出 2 台 KeyPal 2 硬體錢包

這次由 USDD 聯名贊助，一共抽出 2 名得主，每人都能獲得：

🎁 @KeyPalWallet 2 硬體錢包 ×1

參加方式：
1️⃣ 追蹤 @mrblock、@usddio…"
2078099076764373203,https://x.com/justinsuntron/status/2078099076764373203,2026-07-17T12:46:43+00:00,2026-07-17 20:46,ja,False,,79,10,103,2,56463,1,0,,,,,,来HTX玩美股，很香
2078098566640447909,https://x.com/justinsuntron/status/2078098566640447909,2026-07-17T12:44:42+00:00,2026-07-17 20:44,es,False,,102,19,39,3,70801,9,0,,,,,,Gasfree
2078094860343747038,https://x.com/justinsuntron/status/2078094860343747038,2026-07-17T12:29:58+00:00,2026-07-17 20:29,zh,False,,117,16,70,1,90117,7,0,,,,,,一不留神已经十年啦
2078094054148186278,https://x.com/justinsuntron/status/2078094054148186278,2026-07-17T12:26:46+00:00,2026-07-17 20:26,en,False,,64,11,28,3,43318,1,0,,,,,,3.5% total supply burn in Q2
2078087635579576695,https://x.com/justinsuntron/status/2078087635579576695,2026-07-17T12:01:15+00:00,2026-07-17 20:01,zh,False,,57,9,37,4,50056,1,0,,,,,,一次又销毁总量的3.59%
2078087164152397951,https://x.com/justinsuntron/status/2078087164152397951,2026-07-17T11:59:23+00:00,2026-07-17 19:59,en,False,,66,9,28,4,44064,0,0,,,,,,Keep going
2078084234833695005,https://x.com/justinsuntron/status/2078084234833695005,2026-07-17T11:47:45+00:00,2026-07-17 19:47,zh,False,,95,7,44,3,58944,7,0,,,,,,传说中的Kimi K3上了
2078083983737516465,https://x.com/justinsuntron/status/2078083983737516465,2026-07-17T11:46:45+00:00,2026-07-17 19:46,en,False,,44,6,28,2,38346,1,0,,,,,,Kimi 3 live on https://t.co/nMjQcILxG5
2078062979535569286,https://x.com/justinsuntron/status/2078062979535569286,2026-07-17T10:23:17+00:00,2026-07-17 18:23,en,True,,0,4,0,0,27356,0,0,,,,,,RT @T3_FCU: A stronger digital asset ecosystem begins with a shared commitment to security.
2078027172078330200,https://x.com/justinsuntron/status/2078027172078330200,2026-07-17T08:01:00+00:00,2026-07-17 16:01,en,False,,128,28,55,4,53839,9,0,,,,,,Nearly 90% of stablecoin payment volume settles on TRON.  👀
2077950234731348472,https://x.com/justinsuntron/status/2077950234731348472,2026-07-17T02:55:17+00:00,2026-07-17 10:55,en,False,,150,19,64,4,58516,1,0,,,,,,See you in 🇲🇾
2077800125028782493,https://x.com/justinsuntron/status/2077800125028782493,2026-07-16T16:58:48+00:00,2026-07-17 00:58,zh,False,,17,0,28,1,25794,0,0,,,,,,越来越好
2077779571626348997,https://x.com/justinsuntron/status/2077779571626348997,2026-07-16T15:37:07+00:00,2026-07-16 23:37,zh,True,,0,3,0,0,22104,0,1,https://pbs.twimg.com/media/HNWDBKua4AAJ7vc.jpg,,,,,RT @Meta8Mate: 交易挖矿，TradFi合约，Duang！HTX @HTX_Global  首期TradFi合约交易挖矿，没想到吧，2026年还能看到交易挖矿+回购销毁平台币的模式，有时候商战就是这么朴实无华。… https://t.co/I4VP2Quy8k
2077717173406232624,https://x.com/justinsuntron/status/2077717173406232624,2026-07-16T11:29:10+00:00,2026-07-16 19:29,en,True,,0,34,0,0,21692,0,0,,,,,,"RT @trondao: Expanding the connection between digital assets and everyday finance.

This latest integration makes it easier for users to mo…"
2077678753761886343,https://x.com/justinsuntron/status/2077678753761886343,2026-07-16T08:56:30+00:00,2026-07-16 16:56,zh,True,,0,6,0,0,25847,0,0,,,,,,"RT @0xMoon: Anchorage Digital ✖️TRX：机构准备跑步进场了！

看到CMC发的一条帖子，Anchorage Digital为机构客户开通了原生TRX质押，同时同步支持TRC-20资产托管。这件事情其实是非常利好TRX的。

我先跟大家解释一下…"
2077649396246913445,https://x.com/justinsuntron/status/2077649396246913445,2026-07-16T06:59:51+00:00,2026-07-16 14:59,zh,False,,46,0,7,0,8487,1,0,,,,,,@Hanuo96 大神你是懂行的，我真的一年级的时候去修了高数A，几周后扛不下来退了 😂
2077648519641641409,https://x.com/justinsuntron/status/2077648519641641409,2026-07-16T06:56:22+00:00,2026-07-16 14:56,zh,False,,201,20,108,6,87398,30,0,,,,,,"加入孙学领悟
凡是过往，皆为序章
What’s past is prologue
永远向前看"
2077647330598388047,https://x.com/justinsuntron/status/2077647330598388047,2026-07-16T06:51:39+00:00,2026-07-16 14:51,zh,False,,360,21,133,4,148227,45,0,,,,,,确实都是07的，而且我真的一年级的时候去修了数学分析，几周后扛不下来退了 😂
2077646372212498649,https://x.com/justinsuntron/status/2077646372212498649,2026-07-16T06:47:50+00:00,2026-07-16 14:47,zh,False,,69,6,67,5,54497,1,0,,,,,,孙迟但到
2077645794623230065,https://x.com/justinsuntron/status/2077645794623230065,2026-07-16T06:45:32+00:00,2026-07-16 14:45,ja,False,,73,3,35,0,63401,1,0,,,,,,力度真的大
2077587391934799893,https://x.com/justinsuntron/status/2077587391934799893,2026-07-16T02:53:28+00:00,2026-07-16 10:53,en,True,,0,21,0,0,21579,0,0,,,,,,"RT @trondao: U.S. crypto policy is entering a defining period. 🇺🇸 I

In the latest episode of Onchain, Honestly!, @AdrianWall8395 discusses…"
2077424227570139222,https://x.com/justinsuntron/status/2077424227570139222,2026-07-15T16:05:07+00:00,2026-07-16 00:05,zh,False,,343,20,101,11,118341,30,1,https://pbs.twimg.com/media/HNR-UpOasAAvQ48.jpg,,,,,“我的同学王虹邓煜” https://t.co/ISdAOnR15K
2077369341226754240,https://x.com/justinsuntron/status/2077369341226754240,2026-07-15T12:27:01+00:00,2026-07-15 20:27,en,True,,0,31,0,0,23093,0,2,https://pbs.twimg.com/media/HNQYrmWXwAAH8Zh.png | https://pbs.twimg.com/media/HNQYszAWMAAxWOk.jpg,,,,,RT @CoinMarketCap: LATEST: ⚡ Anchorage Digital has added native TRX staking for institutional clients. https://t.co/vLVxyap3Nm
2077315892313313281,https://x.com/justinsuntron/status/2077315892313313281,2026-07-15T08:54:38+00:00,2026-07-15 16:54,en,False,,159,26,53,0,57299,0,0,,,,,,TRON in 🇯🇵
2077288589734695270,https://x.com/justinsuntron/status/2077288589734695270,2026-07-15T07:06:08+00:00,2026-07-15 15:06,en,False,,132,22,43,2,52327,0,0,,,,,,Another step forward for institutional access to TRON.
2077265331329151463,https://x.com/justinsuntron/status/2077265331329151463,2026-07-15T05:33:43+00:00,2026-07-15 13:33,en,True,,0,18,0,0,25682,0,0,,,,,,"RT @DSAForg: Stablecoins are becoming the backbone of global digital finance, offering speed, transparency, and accessibility that traditio…"
2077247139521200243,https://x.com/justinsuntron/status/2077247139521200243,2026-07-15T04:21:26+00:00,2026-07-15 12:21,en,True,,0,29,0,0,21763,0,0,,,,,,"RT @trondao: More institutional infrastructure is coming to TRON.

With staking support now live through @Anchorage, institutions have anot…"
2077238465037746565,https://x.com/justinsuntron/status/2077238465037746565,2026-07-15T03:46:57+00:00,2026-07-15 11:46,en,False,,85,15,41,2,51872,0,0,,,,,,Protect users. Fight crime.
2077039156300333455,https://x.com/justinsuntron/status/2077039156300333455,2026-07-14T14:34:59+00:00,2026-07-14 22:34,in,False,,79,11,27,2,61539,1,0,,,,,,GPT 5.6 on https://t.co/nMjQcILxG5
2077038824979570812,https://x.com/justinsuntron/status/2077038824979570812,2026-07-14T14:33:40+00:00,2026-07-14 22:33,en,False,,81,18,36,1,42072,3,0,,,,,,TRX ETF coming soon!
2077038628065378598,https://x.com/justinsuntron/status/2077038628065378598,2026-07-14T14:32:53+00:00,2026-07-14 22:32,und,False,,72,12,24,3,42274,2,0,,,,,,#TRX in @bitFlyer 🇯🇵
2077028922496356493,https://x.com/justinsuntron/status/2077028922496356493,2026-07-14T13:54:19+00:00,2026-07-14 21:54,en,False,,78,9,33,1,46265,0,0,,,,,,This is what TRON is built for.
2076974736786264406,https://x.com/justinsuntron/status/2076974736786264406,2026-07-14T10:19:00+00:00,2026-07-14 18:19,en,False,,152,19,64,0,56716,2,0,,,,,,Another new high for TRON
2076957634696261738,https://x.com/justinsuntron/status/2076957634696261738,2026-07-14T09:11:02+00:00,2026-07-14 17:11,art,False,,106,17,41,0,51872,3,0,,,,,,👀
2076941066193023385,https://x.com/justinsuntron/status/2076941066193023385,2026-07-14T08:05:12+00:00,2026-07-14 16:05,en,True,,0,11,0,0,27915,0,0,,,,,,"RT @AdrianWall8395: June's stablecoin volume reached $1.79 trillion, with @trondao accounting for around $320 billion, or about 18% of all…"
2076876510783570024,https://x.com/justinsuntron/status/2076876510783570024,2026-07-14T03:48:41+00:00,2026-07-14 11:48,en,False,,142,20,55,4,58034,2,0,,,,,,Records are made to be broken. TRON keeps building. 💪
2076852742803660866,https://x.com/justinsuntron/status/2076852742803660866,2026-07-14T02:14:14+00:00,2026-07-14 10:14,en,True,,0,8,0,0,25330,0,0,,,,,,"RT @DSAForg: Our Managing Director, @AdrianWall8395, joined @CryptoAmerica_ to discuss why banks were slow to take the crypto industry seri…"
2076621976316395705,https://x.com/justinsuntron/status/2076621976316395705,2026-07-13T10:57:15+00:00,2026-07-13 18:57,en,False,,143,24,67,9,57531,2,0,,,,,,TRON is becoming more connected across the stablecoin ecosystem.
2076566276592533997,https://x.com/justinsuntron/status/2076566276592533997,2026-07-13T07:15:55+00:00,2026-07-13 15:15,en,True,,0,26,0,0,23444,0,0,,,,,,"RT @trondao: 400M accounts is within reach.

If TRON were measured by country population, it would be near the top of the world.

🇮🇳🇨🇳🌐🇺🇸"
2076556264260472946,https://x.com/justinsuntron/status/2076556264260472946,2026-07-13T06:36:08+00:00,2026-07-13 14:36,en,False,,9,0,7,0,11452,0,0,,,,,,Strong relationships build strong ecosystems. Great to see TRON’s VIP clients and partners connecting at the World Cup.
2076527498817663083,https://x.com/justinsuntron/status/2076527498817663083,2026-07-13T04:41:50+00:00,2026-07-13 12:41,en,False,,48,1,53,1,30730,0,0,,,,,,See you in HK 🇭🇰
2076247066276438052,https://x.com/justinsuntron/status/2076247066276438052,2026-07-12T10:07:30+00:00,2026-07-12 18:07,zh,True,,0,3,0,0,13783,0,0,,,,,,"RT @0xMoon: 根据 @CoinDesk 最新的研究报告
HTX的市场份额依然保持在华语区前五名

同时在4月和5月 加密整体交易量下滑的前提下
HTX的永续合约交易量逆势上涨10%

@justinsuntron @HuobiGlobal @HTX_Molly #TR…"
2076246301986156819,https://x.com/justinsuntron/status/2076246301986156819,2026-07-12T10:04:27+00:00,2026-07-12 18:04,zh,True,,0,3,0,0,14196,0,0,,,,,,"RT @Blackpink_Ox66: JST跑赢BTC 129%，跑赢ETH 149%，今年最大的惊喜孙哥给的

截至目前，JST 上涨 93.65%，不仅创出阶段新高，还分别跑赢 BTC 129 个百分点、ETH 149 个百分点、SOL 153 个百分点。

TRON生态…"
2076241823786533139,https://x.com/justinsuntron/status/2076241823786533139,2026-07-12T09:46:40+00:00,2026-07-12 17:46,zh,True,,0,4,0,0,15633,0,0,,,,,,"RT @0xMayyy: 刚在链上对比了一组热门公链的活跃数据

TRON：
总地址数量 3.93 亿
近7日日均活越地址为 390 万, 活跃率 0.99%

ETH：
总地址数量 4.22 亿
近7日日均活越地址为 50.57 万, 活跃率 0.12%

BNB：
总地址数…"
2076241255911342315,https://x.com/justinsuntron/status/2076241255911342315,2026-07-12T09:44:24+00:00,2026-07-12 17:44,zh,True,,0,3,0,0,14038,0,0,,,,,,"RT @Baby__BTC: 过去半年，唯一上涨的CEX平台币 —— ethereum:0x61ec85ab89377db65762e234c946b5c25a56e99e ！

火币HTX一直在给平台币赋能！

又是手续费抵扣，又是质押生息，又是赚币赚钱，又是持仓大户权益！…"
2076240768143126997,https://x.com/justinsuntron/status/2076240768143126997,2026-07-12T09:42:28+00:00,2026-07-12 17:42,zh,True,,0,3,0,0,15466,0,0,,,,,,"RT @Baby__BTC: USDD总供应量突破15.9亿，再次突破新ATH！

根据USDD官网数据显示，USDD总供应量达到了15.9亿美元，再次突破历史新ATH！

USDD作为波场TRON链第二大稳定币，第一大去中心化稳定币，其独有的特性正在被更多人所选择！

1/…"
2076237502889992261,https://x.com/justinsuntron/status/2076237502889992261,2026-07-12T09:29:29+00:00,2026-07-12 17:29,zh,True,,0,1,0,0,,0,0,,,,,,"RT @xsmbtc: 超级荣幸能受邀体验 @HuobiGlobal 的顶级VIP服务

不得不说， @justinsuntron 的VIP Room排面实在太到位了！

冰箱里满满的冰啤酒和冰可乐无限畅饮，美食更是足足上了三轮，这看球待遇简直太给力啦！

小K是西班牙球迷，因…"
2076237453086875992,https://x.com/justinsuntron/status/2076237453086875992,2026-07-12T09:29:18+00:00,2026-07-12 17:29,zh,True,,0,2,0,0,14927,0,0,,,,,,"RT @kang_824: 看完小K这条推文后，说实话我真的太太太羡慕了！
        以前一提到交易所的VIP权益，大家脑子里第一反应基本都是那些“后台化”的东西——手续费再低一点、专属客服再快一点、提现额度再高一点……这些当然重要，但总觉得有点“看不见、摸不着”。…"
2076237359541297620,https://x.com/justinsuntron/status/2076237359541297620,2026-07-12T09:28:55+00:00,2026-07-12 17:28,zh,True,,0,6,0,0,16679,0,2,https://pbs.twimg.com/media/HM73XM4bEAE6ZXV.jpg | https://pbs.twimg.com/media/HM73ZaHbMAAmna_.jpg,,,,,RT @pipizhu_eth: 波场链上的USDT流通量突破了900亿美元。恭喜 @sunyuchentron… https://t.co/7GnubgHLmq
2076237320890757428,https://x.com/justinsuntron/status/2076237320890757428,2026-07-12T09:28:46+00:00,2026-07-12 17:28,zh,True,,0,5,0,0,12221,0,0,,,,,,"RT @hotbabyrebao: 我对孙哥了解的太少了，之前光看他书学习认知，这TRON居然这么赚钱的么，我刚刚在想买点啥币好呢，想来Trx 不错，心想孙哥这个一年能挣几个亿美金么，结果一看，几十亿美金💲……可恶世界上有钱人为什么不能多我一个！！！

算了 买点Trx 当股东…"
2076237175704998284,https://x.com/justinsuntron/status/2076237175704998284,2026-07-12T09:28:11+00:00,2026-07-12 17:28,zh,True,,0,2,0,0,12657,0,0,,,,,,"RT @Gummybear1771: 很多人总调侃孙哥，但调侃归调侃，波场总是在你觉得它不行了的时候默默刷新一个新纪录。

前天TRON 链上 USDT 发行量正式突破 900 亿美元。

越来越多的人，在转账、结算、跨境支付时，把 TRON 当成了默认选项。

原因很简单，没…"
2076237132851744823,https://x.com/justinsuntron/status/2076237132851744823,2026-07-12T09:28:01+00:00,2026-07-12 17:28,zh,True,,0,1,0,0,12331,0,0,,,,,,"RT @captain_kent: 900亿了，孙哥黑子出来说话！

早上起来刷数据，看到波场 @trondaoCN 的 USDT 已经干到900亿美元了。900亿，35亿笔转账，4.2万亿美元流水，7490万个地址！

孙哥 @sunyuchentron… https://t…"
2076237068435587093,https://x.com/justinsuntron/status/2076237068435587093,2026-07-12T09:27:46+00:00,2026-07-12 17:27,zh,True,,0,3,0,0,13899,0,0,,,,,,"RT @youyou5202: 说个很恐怖的事
大概是20年。just ieo成本仅 $0.002刀
而且很好打。我记得是p网吧，打了就有。
当时我还带着很多朋友打。

但当时上线发了币没赚多少。
直白点说就是你想套孙哥的利很难。
但是神奇的是，如果你拿住了能有傻逼般的信念。倍…"
2076236432730210308,https://x.com/justinsuntron/status/2076236432730210308,2026-07-12T09:25:14+00:00,2026-07-12 17:25,zh,True,,0,0,0,0,19659,0,1,https://pbs.twimg.com/media/HM-08eGa8AA-eVR.jpg,,,,,"RT @hongshen6666btc: 我哥炒股的
Web2的人对孙哥的评价😂@justinsuntron https://t.co/grRPZYfNXD"
2076236039145033952,https://x.com/justinsuntron/status/2076236039145033952,2026-07-12T09:23:40+00:00,2026-07-12 17:23,en,True,,0,8,0,0,19312,0,0,,,,,,"RT @TRON_INC: Tron Inc. (NASDAQ: TRON) acquired 150,365 TRX tokens today at an average price of $0.3325 further increasing its TRX treasury…"
2075842916409647377,https://x.com/justinsuntron/status/2075842916409647377,2026-07-11T07:21:33+00:00,2026-07-11 15:21,zh,False,,34,1,33,0,24883,0,0,,,,,,强势增长
2075842139846844591,https://x.com/justinsuntron/status/2075842139846844591,2026-07-11T07:18:28+00:00,2026-07-11 15:18,ja,False,,35,1,31,1,27109,0,0,,,,,,JST终于去零
2075792610124554679,https://x.com/justinsuntron/status/2075792610124554679,2026-07-11T04:01:39+00:00,2026-07-11 12:01,zh,True,,0,3,0,0,16737,0,0,,,,,,"RT @EmberCN: 最近几个月，因为 Crypto 版块整体行情萎靡，USDT 跟 USDC 两大头部稳定币发行量减少了约 $139 亿：其中 USDT 减少约 $74 亿、USDC 减少约 $65 亿。

不过发行量的些许回落并没有影响稳定币在多个金融场景里的迅速增长的…"
2075600032305496398,https://x.com/justinsuntron/status/2075600032305496398,2026-07-10T15:16:25+00:00,2026-07-10 23:16,en,True,,0,24,0,0,17960,0,0,,,,,,RT @WhaleInsider: JUST IN: TRON’s $USDT circulating supply on its blockchain tops $90 billion. The network leads all chains with $4.2 trill…
2075532734986912014,https://x.com/justinsuntron/status/2075532734986912014,2026-07-10T10:49:00+00:00,2026-07-10 18:49,en,False,,66,8,38,4,35699,0,0,,,,,,Stablecoin demand follows the rails that can handle it.
2075499928110174440,https://x.com/justinsuntron/status/2075499928110174440,2026-07-10T08:38:38+00:00,2026-07-10 16:38,ja,False,,17,0,20,0,18901,1,0,,,,,,5.6很香
2075482768080023982,https://x.com/justinsuntron/status/2075482768080023982,2026-07-10T07:30:27+00:00,2026-07-10 15:30,en,True,,0,5,0,0,16422,0,0,,,,,,RT @WallStreetMav: New supply level unlocked 🔥
2075445132103745583,https://x.com/justinsuntron/status/2075445132103745583,2026-07-10T05:00:54+00:00,2026-07-10 13:00,zh,True,,0,0,0,0,18887,0,0,,,,,,"RT @y_cryptoanalyst: Robinhood Chain 昨天的排序器收入已经超过它的母链Arbitrum 快2倍了。

据 @growthepie_eth 数据， @RobinhoodApp Chain 昨天排序器捕获近4万美元收入。

在以太坊L2 链中的收…"
2075438036045938857,https://x.com/justinsuntron/status/2075438036045938857,2026-07-10T04:32:42+00:00,2026-07-10 12:32,en,False,,44,1,20,0,35297,2,0,,,,,,Keep going
2075437104746856680,https://x.com/justinsuntron/status/2075437104746856680,2026-07-10T04:29:00+00:00,2026-07-10 12:29,en,False,,80,7,33,3,41450,2,1,https://pbs.twimg.com/amplify_video_thumb/2075420671568756736/img/W95K-83lRSR9bnfq.jpg,,,,,"A few pieces from my @blueorigin journey. A small corner, carrying a much bigger story. https://t.co/6dIG2AgZ0A"
2075436461512650782,https://x.com/justinsuntron/status/2075436461512650782,2026-07-10T04:26:26+00:00,2026-07-10 12:26,en,True,,0,14,0,0,19253,0,0,,,,,,"RT @FireblocksHQ: Accept stablecoins from any wallet.

Settle in the stablecoin of your choice.

Fireblocks Flow now supports @trondao, add…"
2075419351243694486,https://x.com/justinsuntron/status/2075419351243694486,2026-07-10T03:18:27+00:00,2026-07-10 11:18,en,True,,0,12,0,0,22599,0,0,,,,,,RT @alifarhat79: Markets rise and fall. USDT on TRON keeps growing.
2075304821092151323,https://x.com/justinsuntron/status/2075304821092151323,2026-07-09T19:43:21+00:00,2026-07-10 03:43,en,False,,37,6,14,2,22610,2,0,,,,,,Not bad
2075302420473843812,https://x.com/justinsuntron/status/2075302420473843812,2026-07-09T19:33:48+00:00,2026-07-10 03:33,zh,False,,10,0,12,0,13440,0,0,,,,,,0手续费交易所
2075299665998918114,https://x.com/justinsuntron/status/2075299665998918114,2026-07-09T19:22:52+00:00,2026-07-10 03:22,zh,False,,12,3,12,0,15981,0,0,,,,,,感受一下SUN生态
2075299307474034730,https://x.com/justinsuntron/status/2075299307474034730,2026-07-09T19:21:26+00:00,2026-07-10 03:21,zh,False,,23,4,20,0,15723,0,0,,,,,,了解一下JST代币，十亿美元估值打个底吧
2075298713627701640,https://x.com/justinsuntron/status/2075298713627701640,2026-07-09T19:19:05+00:00,2026-07-10 03:19,zh,True,,0,5,0,0,10792,0,0,,,,,,"RT @BinanceWallet: @binancezh 第一季上线～价值共计215万美元的TRX和USDD奖励现已解锁！🔥 TRON 嘉年华第一季正式开启。

📅第一季活动时间：2026年7月6日早8点 至 2026年8月5日 早7点59分 东八区时间
活动期间，在 #币安…"
2075298694648488266,https://x.com/justinsuntron/status/2075298694648488266,2026-07-09T19:19:00+00:00,2026-07-10 03:19,zh,True,,0,14,0,0,12167,0,0,,,,,,"RT @binancezh: 🎁年中巨献，价值450万美元的TRON嘉年华重磅DeFi理财奖励即将来袭！

JustLend DAO协议TRX、JST、SUN以及USDD活动池强势登场，为理财收益合力献礼加码🎡

📅 活动开始时间：2026年7月6日 早8点 东八区时间

下…"
2075294578920525835,https://x.com/justinsuntron/status/2075294578920525835,2026-07-09T19:02:39+00:00,2026-07-10 03:02,en,True,,0,17,0,0,16902,0,0,,,,,,"RT @BitTorrent: January 2019: BitTorrent debuts as the flagship project of the new @Binance Launchpad era.

July 2026: Participating as a S…"
2075182175033450919,https://x.com/justinsuntron/status/2075182175033450919,2026-07-09T11:36:00+00:00,2026-07-09 19:36,en,False,,53,9,25,0,29057,2,0,,,,,,TRON remains one of the main rails for stablecoin settlement at scale.
2075176912394256567,https://x.com/justinsuntron/status/2075176912394256567,2026-07-09T11:15:05+00:00,2026-07-09 19:15,und,False,,20,4,13,0,18738,0,0,,,,,,https://t.co/nMjQcILxG5 in 🇯🇵
2075176431513133285,https://x.com/justinsuntron/status/2075176431513133285,2026-07-09T11:13:10+00:00,2026-07-09 19:13,zh,False,,12,0,7,0,16999,0,0,,,,,,用什么都能付
2075176244510101974,https://x.com/justinsuntron/status/2075176244510101974,2026-07-09T11:12:26+00:00,2026-07-09 19:12,en,False,,22,3,11,2,18812,0,0,,,,,,Both moment for both @tether and @trondao
2075167797282496693,https://x.com/justinsuntron/status/2075167797282496693,2026-07-09T10:38:52+00:00,2026-07-09 18:38,zh,True,,0,15,0,0,20347,0,0,,,,,,"RT @trondaoCN: 🚀历史性时刻！#波场USDT 发行量突破900亿大关！

🌊目前，波场USDT持有账户数已达7490万，日均转账笔数超240万，日均转账额超220亿美元。

🌐波场 #TRON：引领全球稳定币新纪元，让金融触手可及。 https://t.co/I6…"
2075159358653210896,https://x.com/justinsuntron/status/2075159358653210896,2026-07-09T10:05:20+00:00,2026-07-09 18:05,zh,False,,27,2,24,2,24692,1,0,,,,,,900亿里程碑终于来到！
2075140890029658237,https://x.com/justinsuntron/status/2075140890029658237,2026-07-09T08:51:57+00:00,2026-07-09 16:51,en,False,,20,0,15,0,28062,0,0,,,,,,Keep going
2075089816312570171,https://x.com/justinsuntron/status/2075089816312570171,2026-07-09T05:29:00+00:00,2026-07-09 13:29,en,False,,88,10,41,2,45624,0,0,,,,,,New ATHs in June. Keep building. 💪
2075059560881254612,https://x.com/justinsuntron/status/2075059560881254612,2026-07-09T03:28:46+00:00,2026-07-09 11:28,en,False,,42,4,27,0,29995,1,0,,,,,,5M next.
2074865309337727054,https://x.com/justinsuntron/status/2074865309337727054,2026-07-08T14:36:53+00:00,2026-07-08 22:36,zh,False,,20,3,22,0,28088,1,0,,,,,,币安钱包TRON嘉年华来了，错过就明年才有啦！
2074844684665647290,https://x.com/justinsuntron/status/2074844684665647290,2026-07-08T13:14:56+00:00,2026-07-08 21:14,zh,False,,3,0,10,0,11270,0,0,,,,,,一起去看世界杯！
2074836588505551350,https://x.com/justinsuntron/status/2074836588505551350,2026-07-08T12:42:45+00:00,2026-07-08 20:42,en,False,,41,5,30,0,28715,1,0,,,,,,Every new integration makes TRON easier to access and use.
2074780042316701721,https://x.com/justinsuntron/status/2074780042316701721,2026-07-08T08:58:04+00:00,2026-07-08 16:58,en,True,,0,22,0,0,12795,0,0,,,,,,"RT @trondao: Post-quantum signatures are now live on testnet, reinforcing TRON’s commitment to long-term blockchain security. 🔒"
2074777836205064221,https://x.com/justinsuntron/status/2074777836205064221,2026-07-08T08:49:18+00:00,2026-07-08 16:49,en,False,,23,2,20,0,25273,0,0,,,,,,Keep going
2074749322709631004,https://x.com/justinsuntron/status/2074749322709631004,2026-07-08T06:56:00+00:00,2026-07-08 14:56,en,False,,23,1,13,0,21729,0,0,,,,,,Education creates access. Access creates independence. This is how more people build a better future.
2074700345847292202,https://x.com/justinsuntron/status/2074700345847292202,2026-07-08T03:41:23+00:00,2026-07-08 11:41,en,True,,0,3,0,0,16275,0,0,,,,,,RT @AdrianWall8395: Thanks to @CryptoAmerica_ for the opportunity to discuss the policy landscape shaping digital assets. As Congress consi…
2074671594690257254,https://x.com/justinsuntron/status/2074671594690257254,2026-07-08T01:47:08+00:00,2026-07-08 09:47,en,False,,22,2,19,0,20275,0,0,,,,,,TRON keeps moving
2074578867084550235,https://x.com/justinsuntron/status/2074578867084550235,2026-07-07T19:38:40+00:00,2026-07-08 03:38,zh,False,,3,0,3,0,1320,0,0,,,,,,@wublockchain12 不是攻击
2074578678810632453,https://x.com/justinsuntron/status/2074578678810632453,2026-07-07T19:37:55+00:00,2026-07-08 03:37,zh,False,,27,2,14,1,19527,1,0,,,,,,团队已通知我，他们已完成BTTC Bridge Sunset Program（BTTC跨链桥退役计划）。未来，BitTorrent团队将更加专注于去中心化AI以及BitTorrent去中心化协议的维护。所有资金都是安全的，用户可通过合作的中心化交易所继续存取BTTC Bridge的资金。@BitTorrent
2074577979087499569,https://x.com/justinsuntron/status/2074577979087499569,2026-07-07T19:35:08+00:00,2026-07-08 03:35,en,False,,4,0,2,0,354,0,0,,,,,,"@wublockchain12 The team has notified me that they have completed the BTTC Bridge Sunset Program. Going forward, the BitTorrent team will focus more on decentralized AI and the maintenance of the BitTorrent decentralized protocol. All funds are safe, and users can continue to deposit and"
2074577650434400538,https://x.com/justinsuntron/status/2074577650434400538,2026-07-07T19:33:50+00:00,2026-07-08 03:33,en,False,,13,3,3,2,1650,0,0,,,,,,"@blockaid_ @BitTorrent The team has notified me that they have completed the BTTC Bridge Sunset Program. Going forward, the BitTorrent team will focus more on decentralized AI and the maintenance of the BitTorrent decentralized protocol. All funds are safe, and users can continue to deposit and"
2074576942557458850,https://x.com/justinsuntron/status/2074576942557458850,2026-07-07T19:31:01+00:00,2026-07-08 03:31,en,False,,53,8,23,1,23965,2,0,,,,,,"The team has notified me that they have completed the BTTC Bridge Sunset Program. Going forward, the BitTorrent team will focus more on decentralized AI and the maintenance of the BitTorrent decentralized protocol. All funds are safe, and users can continue to deposit and"
2074551714041270763,https://x.com/justinsuntron/status/2074551714041270763,2026-07-07T17:50:46+00:00,2026-07-08 01:50,en,False,,16,3,11,1,19365,0,0,,,,,,The TRON DeFi Carnival is LIVE
2074478309342314925,https://x.com/justinsuntron/status/2074478309342314925,2026-07-07T12:59:05+00:00,2026-07-07 20:59,et,False,,5,0,6,0,13691,0,0,,,,,,USDD just crossed $400M+ TVL on @DEFI_Just
2074460187797422465,https://x.com/justinsuntron/status/2074460187797422465,2026-07-07T11:47:05+00:00,2026-07-07 19:47,en,False,,18,1,9,0,21391,0,0,,,,,,enjoy https://t.co/nMjQcILxG5 on @BinanceWallet
2074419399490969930,https://x.com/justinsuntron/status/2074419399490969930,2026-07-07T09:05:00+00:00,2026-07-07 17:05,en,False,,40,4,25,0,27306,0,0,,,,,,TRON Nile continues to give developers a place to test what comes next. Post-quantum signatures are now available.
2074410561157419356,https://x.com/justinsuntron/status/2074410561157419356,2026-07-07T08:29:53+00:00,2026-07-07 16:29,zh,False,,13,2,14,0,20931,0,0,,,,,,再也不用担心一个干不了中转站了
2074410433499557949,https://x.com/justinsuntron/status/2074410433499557949,2026-07-07T08:29:22+00:00,2026-07-07 16:29,en,False,,13,1,13,0,21811,0,0,,,,,,👥https://t.co/nMjQcILxG5 Referral Center is Live!
2074373957701206361,https://x.com/justinsuntron/status/2074373957701206361,2026-07-07T06:04:26+00:00,2026-07-07 14:04,en,False,,35,1,34,1,29894,1,0,,,,,,The next era of payments needs global rails. TRON and @BAI_AGI are building for what comes next.
2074345419161878571,https://x.com/justinsuntron/status/2074345419161878571,2026-07-07T04:11:02+00:00,2026-07-07 12:11,en,False,,28,2,13,0,27423,1,0,,,,,,Keep going
2074312080866640377,https://x.com/justinsuntron/status/2074312080866640377,2026-07-07T01:58:33+00:00,2026-07-07 09:58,en,True,,0,361,0,0,9738,0,1,https://pbs.twimg.com/amplify_video_thumb/2074146759643635712/img/aZNAP9MQYGqKb1hr.jpg,,,,,RT @CoinDesk: 🇺🇸 TRUMP: “I’m a big crypto guy.” https://t.co/UFObigFXpA
2074309189342748897,https://x.com/justinsuntron/status/2074309189342748897,2026-07-07T01:47:04+00:00,2026-07-07 09:47,en,True,,0,6,0,0,10563,0,0,,,,,,"RT @DefiIgnas: Btw, $TRX still trading near ATHs while outperforming BTC and obv $ETH

While all other chains are fighting on which offers…"
2074308630393106624,https://x.com/justinsuntron/status/2074308630393106624,2026-07-07T01:44:50+00:00,2026-07-07 09:44,zh,False,,8,0,10,0,13639,0,0,,,,,,加码来袭
2074308158751990143,https://x.com/justinsuntron/status/2074308158751990143,2026-07-07T01:42:58+00:00,2026-07-07 09:42,en,True,,0,3,0,0,11007,0,0,,,,,,"RT @Bit2Me_Global: The @trondao ecosystem just keeps on growing 🚀

What started as an entertainment-focused network is now a powerhouse for…"
2074305601740611919,https://x.com/justinsuntron/status/2074305601740611919,2026-07-07T01:32:48+00:00,2026-07-07 09:32,en,False,,31,2,12,0,18005,0,0,,,,,,Live now
2074304985794539533,https://x.com/justinsuntron/status/2074304985794539533,2026-07-07T01:30:21+00:00,2026-07-07 09:30,zh,False,,24,3,11,1,18088,1,0,,,,,,还有更多大招
2074303245560971512,https://x.com/justinsuntron/status/2074303245560971512,2026-07-07T01:23:27+00:00,2026-07-07 09:23,zh,False,,21,0,16,1,19249,0,0,,,,,,全系代币开启回购销毁！态度坚决！
2074302922381545598,https://x.com/justinsuntron/status/2074302922381545598,2026-07-07T01:22:10+00:00,2026-07-07 09:22,zh,False,,21,1,19,0,21055,0,0,,,,,,这波理财绝对又吃又拿，波场系代币的表现有口皆碑，就是差一次大曝光
2074048106052858160,https://x.com/justinsuntron/status/2074048106052858160,2026-07-06T08:29:37+00:00,2026-07-06 16:29,en,False,,137,27,55,7,63844,1,0,,,,,,Tron on Bit2Me
2074047619148710016,https://x.com/justinsuntron/status/2074047619148710016,2026-07-06T08:27:41+00:00,2026-07-06 16:27,en,False,,111,16,27,3,55943,0,0,,,,,,Keep going
2074034738868990020,https://x.com/justinsuntron/status/2074034738868990020,2026-07-06T07:36:30+00:00,2026-07-06 15:36,en,True,,0,14,0,0,29201,0,0,,,,,,"RT @DeFi_JUST: 🔥JustLend DAO × @BinanceWallet TRON DeFi Summer S1 is here!

Dive into an exclusive $2.15M reward pool and enjoy boosted APR…"
2074003137921503243,https://x.com/justinsuntron/status/2074003137921503243,2026-07-06T05:30:55+00:00,2026-07-06 13:30,en,False,,144,24,55,2,64471,2,0,,,,,,15B feels close
2073690023212511733,https://x.com/justinsuntron/status/2073690023212511733,2026-07-05T08:46:43+00:00,2026-07-05 16:46,en,False,,224,28,111,13,91918,2,0,,,,,,Keep going
2073689919147655484,https://x.com/justinsuntron/status/2073689919147655484,2026-07-05T08:46:18+00:00,2026-07-05 16:46,zh,True,,0,14,0,0,29056,0,0,,,,,,"RT @HTX_DAO: 🌪️全球最强高校顶尖Builder
正在HTX Genesis Hackathon 集结🚀🚀

🚩 从清华、复旦、到新加坡国立大学、爱丁堡大学… 30+ 所海内外顶尖高校，覆盖全球 22 座城市，100+ 支队伍上场😎

下一代 Web3 Builde…"
2073593439359496509,https://x.com/justinsuntron/status/2073593439359496509,2026-07-05T02:22:56+00:00,2026-07-05 10:22,en,True,,0,10,0,0,30965,0,0,,,,,,"RT @T3_FCU: Protecting users starts with collaboration.

Meaningful progress against illicit activity depends on trusted partnerships and c…"
2073424685279441027,https://x.com/justinsuntron/status/2073424685279441027,2026-07-04T15:12:21+00:00,2026-07-04 23:12,qst,False,,181,31,55,14,82236,1,0,,,,,,2M
2073374312103592318,https://x.com/justinsuntron/status/2073374312103592318,2026-07-04T11:52:12+00:00,2026-07-04 19:52,en,False,,145,20,74,6,78352,1,0,,,,,,2M users on https://t.co/nMjQcILxG5
2073292986474205436,https://x.com/justinsuntron/status/2073292986474205436,2026-07-04T06:29:02+00:00,2026-07-04 14:29,en,False,,167,27,58,10,75217,2,0,,,,,,TRON keeps building for what comes next.
2073233585520435659,https://x.com/justinsuntron/status/2073233585520435659,2026-07-04T02:33:00+00:00,2026-07-04 10:33,en,False,,223,25,65,9,78641,5,0,,,,,,"Another million accounts, in less than a week. TRON keeps growing."
2073039562549686433,https://x.com/justinsuntron/status/2073039562549686433,2026-07-03T13:42:01+00:00,2026-07-03 21:42,en,True,,0,27,0,0,25854,0,0,,,,,,"RT @BinanceWallet: Get Ready for $4.5M Reward!

Introducing TRON DeFi Carnival campaign with @trondao @DeFi_JUST  @OfficialSUNio and @usddi…"
2072986898583478544,https://x.com/justinsuntron/status/2072986898583478544,2026-07-03T10:12:45+00:00,2026-07-03 18:12,zh,False,,137,15,82,4,60545,4,0,,,,,,光速上线，妈妈再也不用担心我的数字资产安全
2072985996556443766,https://x.com/justinsuntron/status/2072985996556443766,2026-07-03T10:09:10+00:00,2026-07-03 18:09,en,False,,75,8,26,3,46131,3,0,,,,,,Welcome on board @tencentcloud !
2072985876054061180,https://x.com/justinsuntron/status/2072985876054061180,2026-07-03T10:08:41+00:00,2026-07-03 18:08,en,False,,44,6,20,1,46478,1,0,,,,,,"Get USDD on @kucoincom @usddio

https://t.co/ccZmJ73vNY"
2072982249696264520,https://x.com/justinsuntron/status/2072982249696264520,2026-07-03T09:54:17+00:00,2026-07-03 17:54,zh,False,,127,13,58,7,50008,7,0,,,,,,"波场 TRON 抗量子签名功能，正式登陆测试网！

后量子时代，波场 TRON 在行动——致力于打造后量子时代最安全的区块链！

新加坡时间 2026 年 7 月 2 日 12:10，TRON Nile 测试网正式通过第 20628 号委员会提议。根据该提议，Nile 测试网已正式开启后量子签名功能，本次率先启用的签名算法为"
2072982062525538748,https://x.com/justinsuntron/status/2072982062525538748,2026-07-03T09:53:32+00:00,2026-07-03 17:53,en,False,,229,34,55,21,63141,11,0,,,,,,"TRON's Quantum-Resistant Signature Feature Is Now Live on Testnet!

TRON's post-quantum signature capability has officially arrived on testnet — developers are welcome to start building with it. In the face of the quantum era, TRON is taking action to build the most secure"
2072981075568320866,https://x.com/justinsuntron/status/2072981075568320866,2026-07-03T09:49:37+00:00,2026-07-03 17:49,en,False,,63,6,22,0,46380,0,0,,,,,,https://t.co/nMjQcILxG5 with Tencent Cloud
2072926813886566753,https://x.com/justinsuntron/status/2072926813886566753,2026-07-03T06:14:00+00:00,2026-07-03 14:14,en,False,,12,2,14,0,21257,1,0,,,,,,Moving value globally should be as simple as sending a message. That is what TRON is working toward.
2072881451583127588,https://x.com/justinsuntron/status/2072881451583127588,2026-07-03T03:13:44+00:00,2026-07-03 11:13,en,False,,13,1,16,0,22501,0,0,,,,,,"Interesting direction. Payments should be more flexible, more global, and closer to real time. TRON is built for this kind of scale."
2072697610402664564,https://x.com/justinsuntron/status/2072697610402664564,2026-07-02T15:03:13+00:00,2026-07-02 23:03,zh,False,,61,9,38,0,31280,9,0,,,,,,孙学第二部，2026今年下半年出版
2072652808290197768,https://x.com/justinsuntron/status/2072652808290197768,2026-07-02T12:05:12+00:00,2026-07-02 20:05,en,True,,0,3,0,0,16559,0,0,,,,,,"RT @symbiosis_fi: In June, TRON leads every other chain on Symbiosis by volume and transactions. USDT on TRON is the #1 asset.

Bitcoin, Et…"
2072646111614185913,https://x.com/justinsuntron/status/2072646111614185913,2026-07-02T11:38:35+00:00,2026-07-02 19:38,en,False,,25,2,22,0,23267,0,0,,,,,,"TRX, JST, WBTC, SUN and USDD is all on @BinanceWallet !"
2072645741265424564,https://x.com/justinsuntron/status/2072645741265424564,2026-07-02T11:37:07+00:00,2026-07-02 19:37,zh,False,,16,0,21,0,22704,2,0,,,,,,来火币，每个人都是VIP！
2072645294656016530,https://x.com/justinsuntron/status/2072645294656016530,2026-07-02T11:35:20+00:00,2026-07-02 19:35,pt,False,,14,1,14,0,21861,0,0,,,,,,4% APR USDD
2072645045883441158,https://x.com/justinsuntron/status/2072645045883441158,2026-07-02T11:34:21+00:00,2026-07-02 19:34,und,False,,26,3,16,1,26170,0,0,,,,,,.@DeFi_JUST on @BinanceWallet !
2072598559606948300,https://x.com/justinsuntron/status/2072598559606948300,2026-07-02T08:29:38+00:00,2026-07-02 16:29,en,True,,0,2,0,0,19623,0,0,,,,,,"RT @usddio: 🔥 More rewards. More reasons to earn.
@trondao has added exclusive $TRX incentives to the #sUSDD market on @pendle_fi! 🚀

✨ You…"
2072585244021301646,https://x.com/justinsuntron/status/2072585244021301646,2026-07-02T07:36:43+00:00,2026-07-02 15:36,en,False,,33,4,19,0,29741,0,0,,,,,,Claude Fable 5 is now available again on the https://t.co/nMjQcILxG5 API.
2072564002874626196,https://x.com/justinsuntron/status/2072564002874626196,2026-07-02T06:12:19+00:00,2026-07-02 14:12,en,False,,15,1,19,0,19722,0,0,,,,,,Keep going
2072295394772648347,https://x.com/justinsuntron/status/2072295394772648347,2026-07-01T12:24:58+00:00,2026-07-01 20:24,en,False,,28,2,15,0,28277,0,0,,,,,,Great to see more focus on financial literacy and education for the digital economy.
2072276188035465247,https://x.com/justinsuntron/status/2072276188035465247,2026-07-01T11:08:38+00:00,2026-07-01 19:08,en,False,,7,0,15,0,12908,0,0,,,,,,Claude Sonnet 5 is now live on https://t.co/nMjQcILxG5 API!
2072272250867478801,https://x.com/justinsuntron/status/2072272250867478801,2026-07-01T10:53:00+00:00,2026-07-01 18:53,en,False,,23,5,23,2,23028,0,0,,,,,,"USDT on TRON is helping make everyday payments faster, more reliable, and accessible to more people."
2072248082272862702,https://x.com/justinsuntron/status/2072248082272862702,2026-07-01T09:16:57+00:00,2026-07-01 17:16,en,False,,33,3,25,2,28226,3,0,,,,,,11B volume
2072228903901348253,https://x.com/justinsuntron/status/2072228903901348253,2026-07-01T08:00:45+00:00,2026-07-01 16:00,qst,False,,20,0,16,0,16646,0,0,,,,,,ATH
2072226875490119718,https://x.com/justinsuntron/status/2072226875490119718,2026-07-01T07:52:41+00:00,2026-07-01 15:52,en,False,,19,4,15,1,23781,0,0,,,,,,Protect users. Fight crime
2072205596145885381,https://x.com/justinsuntron/status/2072205596145885381,2026-07-01T06:28:08+00:00,2026-07-01 14:28,en,False,,19,3,20,0,28561,0,0,,,,,,"Understanding finance is becoming essential in the digital economy.

Great work by @DSAForg."
2071953589312913744,https://x.com/justinsuntron/status/2071953589312913744,2026-06-30T13:46:45+00:00,2026-06-30 21:46,zh,False,,16,2,12,0,24668,0,0,,,,,,https://t.co/nMjQcIKZQx 企业版上线啦！欢迎各类团队申请，隐私性，保护性拉满，全球最好的企业级AI服务！
2071889857362657587,https://x.com/justinsuntron/status/2071889857362657587,2026-06-30T09:33:30+00:00,2026-06-30 17:33,zh,False,,23,0,17,0,28110,3,0,,,,,,👀 不是「官方」模式用不起，而是「自选服务商」更有性价比！
2071855001656348747,https://x.com/justinsuntron/status/2071855001656348747,2026-06-30T07:15:00+00:00,2026-06-30 15:15,en,False,,68,7,50,0,31199,0,0,,,,,,390M accounts and counting.
2071782348484731166,https://x.com/justinsuntron/status/2071782348484731166,2026-06-30T02:26:18+00:00,2026-06-30 10:26,en,False,,28,1,27,2,23363,0,0,,,,,,"Agentic AI needs payment rails that are fast, reliable, and built for global scale.

That’s what TRON was built for."
2071538414504071223,https://x.com/justinsuntron/status/2071538414504071223,2026-06-29T10:16:59+00:00,2026-06-29 18:16,en,False,,59,5,36,5,25924,0,0,,,,,,TRX uponly
2071480551064715429,https://x.com/justinsuntron/status/2071480551064715429,2026-06-29T06:27:04+00:00,2026-06-29 14:27,en,False,,16,1,20,0,20705,0,0,,,,,,Keep going
2071212881777955033,https://x.com/justinsuntron/status/2071212881777955033,2026-06-28T12:43:26+00:00,2026-06-28 20:43,en,False,,52,1,44,3,34736,0,0,,,,,,Wen 400M?
2071086185578201158,https://x.com/justinsuntron/status/2071086185578201158,2026-06-28T04:20:00+00:00,2026-06-28 12:20,en,False,,5,0,7,0,13187,0,0,,,,,,Protect users. Fight crime.
2070862764525212082,https://x.com/justinsuntron/status/2070862764525212082,2026-06-27T13:32:12+00:00,2026-06-27 21:32,en,False,,2,0,0,0,1881,1,0,,,,,,@PiterSpain @Trezor https://t.co/kpleNkdgyT Trezor is on TRON!
2070856316239880613,https://x.com/justinsuntron/status/2070856316239880613,2026-06-27T13:06:35+00:00,2026-06-27 21:06,en,False,,13,1,12,0,18092,0,0,,,,,,.@Trezor is now supporting #TRON!
2070750449599426560,https://x.com/justinsuntron/status/2070750449599426560,2026-06-27T06:05:54+00:00,2026-06-27 14:05,en,False,,9,0,9,0,16878,0,0,,,,,,More Tron
2070702175416893702,https://x.com/justinsuntron/status/2070702175416893702,2026-06-27T02:54:05+00:00,2026-06-27 10:54,en,False,,15,1,17,0,19823,0,0,,,,,,"Moving Trillions, Empowering Billions."
2070472069742277006,https://x.com/justinsuntron/status/2070472069742277006,2026-06-26T11:39:43+00:00,2026-06-26 19:39,en,True,,0,19,0,0,20640,0,0,,,,,,"RT @BitgetWallet: Excited to announce our integration with @BAI_AGI

Built for the agentic era, B AI connects your wallet to AI infrastruct…"
2070426835125760467,https://x.com/justinsuntron/status/2070426835125760467,2026-06-26T08:39:58+00:00,2026-06-26 16:39,en,False,,39,2,16,2,24895,1,0,,,,,,Keep going
2070424007019733007,https://x.com/justinsuntron/status/2070424007019733007,2026-06-26T08:28:44+00:00,2026-06-26 16:28,zh,True,,0,7,0,0,17947,0,0,,,,,,"RT @HTX_DAO: 100 支了，破百了🔥
HTX Genesis Hackathon 参赛队伍正式突破 100 支！

小编太激动了！看着越来越多 builder 带着 idea、代码和项目冲进赛场，这分明就是 AI × Web3 创新热度正在集结啊！

别再光顾着围观…"
2070423314947039698,https://x.com/justinsuntron/status/2070423314947039698,2026-06-26T08:25:59+00:00,2026-06-26 16:25,en,False,,31,0,18,0,27508,0,0,,,,,,Keep up the good work
2070373115780333921,https://x.com/justinsuntron/status/2070373115780333921,2026-06-26T05:06:31+00:00,2026-06-26 13:06,en,False,,62,7,36,3,33615,0,0,,,,,,8 years and counting. TRON keeps building. 💪
2070349551358394705,https://x.com/justinsuntron/status/2070349551358394705,2026-06-26T03:32:52+00:00,2026-06-26 11:32,en,False,,42,3,27,1,24896,1,0,,,,,,14.5B transactions. Still early for TRON.
2070060576727065076,https://x.com/justinsuntron/status/2070060576727065076,2026-06-25T08:24:36+00:00,2026-06-25 16:24,zh,False,,26,2,19,0,29986,1,0,,,,,,马上日破千亿
2070002814278091096,https://x.com/justinsuntron/status/2070002814278091096,2026-06-25T04:35:04+00:00,2026-06-25 12:35,en,False,,29,4,15,2,22627,1,0,,,,,,Most active blockchain in the world
2070001228944380144,https://x.com/justinsuntron/status/2070001228944380144,2026-06-25T04:28:46+00:00,2026-06-25 12:28,en,False,,22,3,11,0,25209,0,0,,,,,,Keep going
2069968683842322578,https://x.com/justinsuntron/status/2069968683842322578,2026-06-25T02:19:27+00:00,2026-06-25 10:19,en,False,,15,1,14,1,26162,0,0,,,,,,Protect users. Stop bad actors. Give builders clear rules. That is how the industry grows.
2069771385547960682,https://x.com/justinsuntron/status/2069771385547960682,2026-06-24T13:15:27+00:00,2026-06-24 21:15,et,False,,29,5,19,0,33001,3,0,,,,,,GLM KIMI is on https://t.co/nMjQcILxG5
2069743613454725537,https://x.com/justinsuntron/status/2069743613454725537,2026-06-24T11:25:06+00:00,2026-06-24 19:25,en,False,,40,5,22,2,29749,1,0,,,,,,3.93M active addresses in 24h. Keep on building! 💪
2069721303553376717,https://x.com/justinsuntron/status/2069721303553376717,2026-06-24T09:56:26+00:00,2026-06-24 17:56,zh,False,,10,1,8,0,17860,0,0,,,,,,快来https://t.co/nMjQcILxG5 享受AI基础设施
2069709528720081006,https://x.com/justinsuntron/status/2069709528720081006,2026-06-24T09:09:39+00:00,2026-06-24 17:09,nl,False,,25,1,12,0,30968,0,0,,,,,,https://t.co/nMjQcILxG5 on Imtoken
2069686099207934428,https://x.com/justinsuntron/status/2069686099207934428,2026-06-24T07:36:33+00:00,2026-06-24 15:36,zh,True,,0,3,0,0,16085,0,0,,,,,,"RT @BAI_AGI: ⏳ 【最后 24 小时】MiniMax M3.0 限时免费即将收官，抓紧最后机会！

6 月 25 日 15:00（SGT），为期 7 天的 @MiniMax_AI M3.0 免费体验将正式截止。百万级上下文、原生多模态的终极性能，抓紧最后的免费窗口一…"
2069685709548728429,https://x.com/justinsuntron/status/2069685709548728429,2026-06-24T07:35:00+00:00,2026-06-24 15:35,en,False,,29,6,22,0,24494,0,0,,,,,,Keep going
2069656766573666312,https://x.com/justinsuntron/status/2069656766573666312,2026-06-24T05:40:00+00:00,2026-06-24 13:40,en,False,,15,1,9,0,21422,1,0,,,,,,Clarity first. BUIDL.
2069654814636855547,https://x.com/justinsuntron/status/2069654814636855547,2026-06-24T05:32:14+00:00,2026-06-24 13:32,en,True,,0,1,0,0,21600,0,0,,,,,,"RT @WebX_Asia: 📢We are excited to announce that TRON (@trondao) is a Platinum Sponsor of #WebX2026 🇯🇵

See you at #WebX2026 on 13 - 14th Ju…"
2069620295326175413,https://x.com/justinsuntron/status/2069620295326175413,2026-06-24T03:15:04+00:00,2026-06-24 11:15,en,False,,55,1,28,1,30124,0,0,,,,,,Wen 400M?
2069370189674910036,https://x.com/justinsuntron/status/2069370189674910036,2026-06-23T10:41:14+00:00,2026-06-23 18:41,zh,False,,10,0,17,0,21554,0,0,,,,,,千亿Q3应该可以达到
2069368323851342119,https://x.com/justinsuntron/status/2069368323851342119,2026-06-23T10:33:50+00:00,2026-06-23 18:33,en,False,,22,2,21,0,22135,0,0,,,,,,Big congrats on @MiniMax_AI team!
2069368138920325202,https://x.com/justinsuntron/status/2069368138920325202,2026-06-23T10:33:05+00:00,2026-06-23 18:33,zh,False,,15,0,16,0,23327,0,0,,,,,,日 Token 吞吐量创 12.09B 历史峰值： 平台业务规模持续高位放量，全天候平稳承载海量高并发、大流量的真实企业级业务场景。
2069361336409342102,https://x.com/justinsuntron/status/2069361336409342102,2026-06-23T10:06:04+00:00,2026-06-23 18:06,en,False,,39,4,29,0,32507,0,0,,,,,,$U is now on Justlend @DeFi_JUST
2069330996856852876,https://x.com/justinsuntron/status/2069330996856852876,2026-06-23T08:05:30+00:00,2026-06-23 16:05,zh,True,,0,3,0,0,13737,0,0,,,,,,"RT @BitgetWalletCN: 很高兴 @BAI_AGI 正式登陆我们的 DApp 专区啦！

你现在可以零门槛体验，专为 AI Agent 时代打造的底层金融基础设施。

同时 Bitget Wallet 用户专属福利：
✓ 新用户注册即领 100 万 AI Cred…"
2069330905173553465,https://x.com/justinsuntron/status/2069330905173553465,2026-06-23T08:05:08+00:00,2026-06-23 16:05,en,False,,26,2,25,0,25861,0,0,,,,,,https://t.co/nMjQcILxG5 live on @BitgetWallet
2069330649602019824,https://x.com/justinsuntron/status/2069330649602019824,2026-06-23T08:04:07+00:00,2026-06-23 16:04,zh,False,,20,5,14,0,23206,2,0,,,,,,去中心化AI来啦
2069330502050517394,https://x.com/justinsuntron/status/2069330502050517394,2026-06-23T08:03:32+00:00,2026-06-23 16:03,zh,False,,35,6,37,7,28755,0,0,,,,,,这个是绝对真实的，行业应该集体抵制这种诈骗行为，将其绳之以法
2069330228711927921,https://x.com/justinsuntron/status/2069330228711927921,2026-06-23T08:02:27+00:00,2026-06-23 16:02,ja,False,,23,2,23,2,24623,1,0,,,,,,一切向前看
2069330181685444795,https://x.com/justinsuntron/status/2069330181685444795,2026-06-23T08:02:16+00:00,2026-06-23 16:02,zh,True,,0,3,0,0,15205,0,0,,,,,,"RT @Bitwux: 孙哥 @justinsuntron 昨天在抖音发了自己去年的太空飞行Vlog，还蛮有意思的！

花了两个亿上了趟太空，回来后孙哥顿悟，换个吃从太空看地球原来如此渺小，什么战争、什么争执，都毫无意义。

如果未来人类的活动半径不再只停留在屏幕里、城市里、地…"
2069329810888036534,https://x.com/justinsuntron/status/2069329810888036534,2026-06-23T08:00:47+00:00,2026-06-23 16:00,en,False,,34,3,18,2,28264,0,0,,,,,,keep going
2069270806383989154,https://x.com/justinsuntron/status/2069270806383989154,2026-06-23T04:06:20+00:00,2026-06-23 12:06,en,False,,60,4,41,3,32833,0,0,,,,,,"Moving trillions, empowering billions.

The next chapter is agentic AI payments on TRON."
2069089926168359321,https://x.com/justinsuntron/status/2069089926168359321,2026-06-22T16:07:34+00:00,2026-06-23 00:07,en,False,,32,3,13,1,27853,1,0,,,,,,Justlend V2 is live now
2069089423111930047,https://x.com/justinsuntron/status/2069089423111930047,2026-06-22T16:05:34+00:00,2026-06-23 00:05,und,False,,27,3,15,0,29304,1,0,,,,,,.@UstablesZH on @DeFi_JUST
2069006100041732364,https://x.com/justinsuntron/status/2069006100041732364,2026-06-22T10:34:29+00:00,2026-06-22 10:34,en,False,,36,5,32,2,27476,0,0,,,2067654200893297085,DSAForg,Sound rules are the foundation on which trustworthy digital dollars are built. The @federalreserve's proposed customer identification framework for stablecoin issuers is a welcome step toward responsible innovation under the GENIUS Act. 🇺🇸,Stablecoins are becoming payment infrastructure.  USDT on TRON is already proving that at scale every day.
2068657157919396351,https://x.com/justinsuntron/status/2068657157919396351,2026-06-21T11:27:54+00:00,2026-06-21 11:27,en,False,,121,11,70,5,25650,0,0,,,2068525718599090527,TRON_INC,"Tron Inc. (NASDAQ: TRON) acquired 153,705 TRX tokens today at an average price of $0.3253, further increasing its TRX treasury holdings to more than 701.5 million TRX in total.",Keep buying
2068284019155107923,https://x.com/justinsuntron/status/2068284019155107923,2026-06-20T10:45:11+00:00,2026-06-20 10:45,en,False,,0,0,0,0,0,0,0,,,,T3_FCU,"Since September 2024, T3 FCU has helped freeze more than $450M in illicit USDT while supporting investigations across 23 jurisdictions worldwide.",Protect users. Fight crime.
2068278557034664215,https://x.com/justinsuntron/status/2068278557034664215,2026-06-20T10:23:29+00:00,2026-06-20 10:23,zh,False,,0,0,0,0,0,0,0,,,,0xMoon,定投最好标的 TRX（连孙哥都在定投）TRX可以说是定投最好的标的之一。,定投确实稳
2068278136220086532,https://x.com/justinsuntron/status/2068278136220086532,2026-06-20T10:21:49+00:00,2026-06-20 10:21,zh,False,,0,0,0,0,0,0,0,,http://B.AI,,0xMoon,进阶孙学：在B.AI白嘘全球开源AI第一模型 MiniMax-M3,币圈人手一个 https://t.co/nMjQcILxG5
2068277311825441049,https://x.com/justinsuntron/status/2068277311825441049,2026-06-20T10:18:32+00:00,2026-06-20 10:18,zh,False,,0,0,0,0,0,0,0,,,,BAI_AGI,GLM-5.2 现已正式登陆 B.AI 网页端！Web Chat 全面开放。,GLM-5.2全覆盖
2068277165884690574,https://x.com/justinsuntron/status/2068277165884690574,2026-06-20T10:17:57+00:00,2026-06-20 10:17,en,False,,0,0,0,0,0,0,0,,http://B.AI,,,,.@MiniMax_AI M3 is. No.1 on https://t.co/nMjQcILxG5 leaderboard.
2068239941423997171,https://x.com/justinsuntron/status/2068239941423997171,2026-06-20T07:50:02+00:00,2026-06-20 07:50,en,False,,0,0,0,0,0,0,0,,,,TRON_INC,"Tron Inc. (NASDAQ: TRON) acquired 155,057 TRX tokens today at an average price of $0.3225, further increasing its TRX treasury holdings to more than 701.4 million TRX in total.",Keep moving
2067905672445034668,https://x.com/justinsuntron/status/2067905672445034668,2026-06-19T09:41:46+00:00,2026-06-19 09:41,en,False,,121,13,50,2,25706,8,0,,,2067791411400048654,TRON_INC,"Tron Inc. (NASDAQ: TRON) acquired 155,735 TRX tokens today at an average price of $0.3211 further increasing its TRX treasury holdings to more than 701.2 million TRX in total.",Keep buying
2067876773619240988,https://x.com/justinsuntron/status/2067876773619240988,2026-06-19T07:46:56+00:00,2026-06-19 07:46,en,False,,95,16,35,1,21256,2,0,,,,trondao,The best infrastructure isn't measured by attention. It's measured by use.,That's why #TRON keeps things moving.
2067638477672603986,https://x.com/justinsuntron/status/2067638477672603986,2026-06-18T16:00:02+00:00,2026-06-18 16:00,zh,False,,64,9,85,1,23792,9,0,,http://B.AI,,Blackpink_Ox66,孙哥搭台，MiniMax 请序，在 B.AI 白嘴世界第一开源模型。,https://t.co/nMjQcILxG5 白嘴机会抓紧！
2067633550736937037,https://x.com/justinsuntron/status/2067633550736937037,2026-06-18T15:40:27+00:00,2026-06-18 15:40,en,False,,94,13,40,8,23650,2,0,,http://Z.ai,,BAI_AGI,GLM 5.2 is Now Available on B.AI API!,"Built by https://t.co/OR8GZDKidp for long running tasks, GLM 5.2 combines frontier capabilities with open weights and an industry leading 1M token context window."
2067633452565041633,https://x.com/justinsuntron/status/2067633452565041633,2026-06-18T15:40:04+00:00,2026-06-18 15:40,zh,False,,65,4,40,1,24681,3,0,,http://B.AI,,BAI_AGI,GLM-5.2 现已正式登陆 B.AI API!,GLM-5.2 登陆 https://t.co/nMjQcILxG5 啊
2067587173306765387,https://x.com/justinsuntron/status/2067587173306765387,2026-06-18T12:36:10+00:00,2026-06-18 12:36,en,False,,41,5,20,0,6529,1,0,,,,AdrianWall8395,The era of regulatory ambiguity in digital assets is ending.,Clarity brings the next wave of crypto adoption.
2067184675211370528,https://x.com/justinsuntron/status/2067184675211370528,2026-06-17T09:56:47+00:00,2026-06-17 09:56,en,False,,62,12,41,1,12503,2,0,,,,T3_FCU,"Since its launch in September 2024, T3 FCU has analyzed millions of transactions globally, monitored more than $3 billion USD in total volume, and supported the freezing of over $450 million USD in illicit assets.",Protect users. Fight crime.
2067140059418234889,https://x.com/justinsuntron/status/2067140059418234889,2026-06-17T06:59:30+00:00,2026-06-17 06:59,en,False,,170,26,89,2,24464,3,0,,,,Bitcoinconfasia,BREAKING: LEGENDARY JUSTIN SUN TO SPEAK AT BITCOIN ASIA 2026,See you in HK! 🇭🇰
2067133365606859085,https://x.com/justinsuntron/status/2067133365606859085,2026-06-17T06:32:54+00:00,2026-06-17 06:32,en,False,,82,7,49,1,19591,0,0,,,,TRON_INC,"Tron Inc. (NASDAQ: TRON) acquired 156,979 TRX tokens today at an average price of $0.3185 further increasing its TRX treasury holdings to more than 700.9 million TRX in total.",Keep going
2066895222655922382,https://x.com/justinsuntron/status/2066895222655922382,2026-06-16T14:46:36+00:00,2026-06-16 14:46,zh,False,,146,16,92,2,37437,1,0,,,,HuobiGlobal,HTX May 2026 monthly report,继续加油！
2066796059985424646,https://x.com/justinsuntron/status/2066796059985424646,2026-06-16T08:12:34+00:00,2026-06-16 16:12,en,False,,72,13,50,1,17678,1,0,,,,trondao,TRON Academy at ETHGlobal New York,"More builders, more ideas. Great to see #TRON Academy growing with the next generation during @ETHGlobal."
2066477142230315506,https://x.com/justinsuntron/status/2066477142230315506,2026-06-15T11:05:18+00:00,2026-06-15 19:05,en,True,,0,32,0,0,14,0,0,,,,,,"RT @MEXC: Hold $USDD. Earn automatically. 💰

Estimated 5% APR, no lock-up, and full flexibility.

That's passive income made simple. 👇"
2066467452662501792,https://x.com/justinsuntron/status/2066467452662501792,2026-06-15T10:26:48+00:00,2026-06-15 18:26,en,False,,28,5,24,1,7320,1,0,,,,BAI_AGI,B.AI Custom Provider Mode now live!,Transparent pricing with flexible options and discounts up to 80% OFF. Perfect for testing and cost-sensitive use cases.
1905324113851547790,https://x.com/justinsuntron/status/1905324113851547790,2025-03-27T18:20:42+00:00,2025-03-28 02:20,en,False,,7159,1362,4030,359,5196622,483,1,https://pbs.twimg.com/media/GnESLayasAApxh4.jpg,,,,,"From a visionary to a global force — honored to be featured on Forbes as Crypto’s Billionaire Barker. TRON’s journey continues, powering a global payment system with 300 million users and counting. Decentralization will prevail. https://t.co/m6FXcbrvMJ"
